Date,Open,High,Low,Close,Volume,Log_Return
2007-09-17 00:00:00+05:30,4518.4501953125,4855.7001953125,4481.5498046875,4837.5498046875,0,
2007-09-24 00:00:00+05:30,4837.14990234375,5055.7998046875,4837.14990234375,5021.35009765625,0,0.03729048745543669
2007-10-01 00:00:00+05:30,5021.5,5261.35009765625,5001.35009765625,5185.85009765625,0,0.032234940202257346
2007-10-08 00:00:00+05:30,5186.25,5549.2998046875,5000.9501953125,5428.25,0,0.04568301688851302
2007-10-15 00:00:00+05:30,5428.35009765625,5736.7998046875,5101.75,5215.2998046875,0,-0.04002022267724293
2007-10-22 00:00:00+05:30,5202.75,5716.89990234375,5070.89990234375,5702.2998046875,0,0.08927299225863075
2007-10-29 00:00:00+05:30,5708.89990234375,6011.9501953125,5708.89990234375,5932.39990234375,0,0.03955926845103022
2007-11-05 00:00:00+05:30,5931.89990234375,5957.2001953125,5614.89990234375,5663.25,0,-0.046430904054654734
2007-11-12 00:00:00+05:30,5660.60009765625,5966.9501953125,5477.5,5906.85009765625,0,0.042114778565066895
2007-11-19 00:00:00+05:30,5908.0498046875,5981.7998046875,5394.35009765625,5608.60009765625,0,-0.05181155949916736
2007-11-26 00:00:00+05:30,5611.2998046875,5782.5498046875,5595.5,5762.75,0,0.027113639894242675
2007-12-03 00:00:00+05:30,5765.4501953125,6042.10009765625,5754.60009765625,5974.2998046875,0,0.03605211212093282
2007-12-10 00:00:00+05:30,5974.0,6185.39990234375,5923.35009765625,6047.7001953125,0,0.01221116331710258
2007-12-17 00:00:00+05:30,6037.9501953125,6039.9501953125,5676.7001953125,5766.5,0,-0.047612756083829026
2007-12-24 00:00:00+05:30,5771.2998046875,6110.85009765625,5771.2998046875,6079.7001953125,0,0.052890074096945565
2007-12-31 00:00:00+05:30,6095.0,6300.0498046875,6060.85009765625,6274.2998046875,0,0.0315065091006279
2008-01-07 00:00:00+05:30,6271.0,6357.10009765625,6112.5498046875,6200.10009765625,0,-0.011896457177443327
2008-01-14 00:00:00+05:30,6208.7998046875,6260.4501953125,5677.0,5705.2998046875,0,-0.0831699035546756
2008-01-21 00:00:00+05:30,5705.0,5705.0,4448.5,5383.35009765625,0,-0.05808465803789165
2008-01-28 00:00:00+05:30,5380.9501953125,5391.60009765625,5071.0,5317.25,0,-0.012354622698901705
2008-02-04 00:00:00+05:30,5315.5498046875,5545.2001953125,5034.25,5120.35009765625,0,-0.03773343725031412
2008-02-11 00:00:00+05:30,5120.5498046875,5315.39990234375,4803.60009765625,5302.89990234375,0,0.0350310071487455
2008-02-18 00:00:00+05:30,5304.4501953125,5368.4501953125,5092.7998046875,5110.75,0,-0.03690765782796849
2008-02-25 00:00:00+05:30,5112.25,5368.14990234375,5055.14990234375,5223.5,0,0.021821510812445332
2008-03-03 00:00:00+05:30,5222.7998046875,5222.7998046875,4672.25,4771.60009765625,0,-0.0904859764036287
2008-03-10 00:00:00+05:30,4767.7998046875,5019.2001953125,4580.14990234375,4745.7998046875,0,-0.005421723671088279
2008-03-17 00:00:00+05:30,4745.4501953125,4745.4501953125,4468.5498046875,4573.9501953125,0,-0.03688276832992581
2008-03-24 00:00:00+05:30,4576.7998046875,4970.7998046875,4539.7998046875,4942.0,0,0.07739290067563537
2008-03-31 00:00:00+05:30,4942.14990234375,4947.0,4628.75,4647.0,0,-0.061548257463577095
2008-04-07 00:00:00+05:30,4631.35009765625,4817.39990234375,4628.7998046875,4777.7998046875,0,0.027758298527304586
2008-04-14 00:00:00+05:30,4779.9501953125,4984.9501953125,4708.2998046875,4958.39990234375,0,0.03710293972608725
2008-04-21 00:00:00+05:30,4955.89990234375,5117.7001953125,4955.89990234375,5111.7001953125,0,0.030448979759844993
2008-04-28 00:00:00+05:30,5112.5,5298.85009765625,5079.14990234375,5228.2001953125,0,0.02253501981872952
2008-05-05 00:00:00+05:30,5227.25,5254.5,4969.39990234375,4982.60009765625,0,-0.04811522518608339
2008-05-12 00:00:00+05:30,4981.0,5167.39990234375,4913.7998046875,5157.7001953125,0,0.034538918808762496
2008-05-19 00:00:00+05:30,5157.0,5160.0498046875,4940.7001953125,4946.5498046875,0,-0.041800457154742045
2008-05-26 00:00:00+05:30,4953.60009765625,4957.39990234375,4801.89990234375,4870.10009765625,0,-0.015575833585954232
2008-06-02 00:00:00+05:30,4869.25,4908.7998046875,4536.25,4627.7998046875,0,-0.05103293983509928
2008-06-09 00:00:00+05:30,4626.4501953125,4626.4501953125,4369.7998046875,4517.10009765625,0,-0.024211334347485635
2008-06-16 00:00:00+05:30,4536.2998046875,4679.75,4333.60009765625,4347.5498046875,0,-0.038257793516203224
2008-06-23 00:00:00+05:30,4351.14990234375,4351.14990234375,4093.199951171875,4136.64990234375,0,-0.049726165194145966
2008-06-30 00:00:00+05:30,4136.25,4163.0,3848.25,4016.0,0,-0.029599875534428614
2008-07-07 00:00:00+05:30,4002.0,4215.5,3896.050048828125,4049.0,0,0.008183554660595936
2008-07-14 00:00:00+05:30,4047.449951171875,4118.10009765625,3790.199951171875,4092.25,0,0.010625003992302927
2008-07-21 00:00:00+05:30,4092.199951171875,4539.4501953125,4072.75,4311.85009765625,0,0.05227212796571121
2008-07-28 00:00:00+05:30,4282.25,4422.9501953125,4159.14990234375,4413.5498046875,0,0.023312241030322582
2008-08-04 00:00:00+05:30,4426.10009765625,4615.89990234375,4362.89990234375,4529.5,0,0.025932248088844447
2008-08-11 00:00:00+05:30,4529.35009765625,4649.85009765625,4421.25,4430.7001953125,0,-0.022053928927334168
2008-08-18 00:00:00+05:30,4430.7001953125,4447.39990234375,4248.0,4327.4501953125,0,-0.02357913008002074
2008-08-25 00:00:00+05:30,4317.9501953125,4398.7998046875,4201.85009765625,4360.0,0,0.007493558241092317
2008-09-01 00:00:00+05:30,4356.10009765625,4522.39990234375,4281.35009765625,4352.2998046875,0,-0.0017676612352977262
2008-09-08 00:00:00+05:30,4358.2998046875,4558.0,4200.14990234375,4228.4501953125,0,-0.02886885428938619
2008-09-15 00:00:00+05:30,4231.9501953125,4262.64990234375,3799.550048828125,4245.25,0,0.003965169008014538
2008-09-22 00:00:00+05:30,4248.9501953125,4303.25,3970.35009765625,3985.25,0,-0.06320066531265446
2008-09-29 00:00:00+05:30,3990.199951171875,4000.5,3715.050048828125,3818.300048828125,0,-0.042794735356761336
2008-10-06 00:00:00+05:30,3817.300048828125,3820.85009765625,3198.949951171875,3279.949951171875,0,-0.1519771466842843
2008-10-13 00:00:00+05:30,3272.89990234375,3648.25,3046.60009765625,3074.35009765625,0,-0.06473463492541703
2008-10-20 00:00:00+05:30,3108.199951171875,3254.85009765625,2525.050048828125,2584.0,0,-0.1737549426448009
2008-10-27 00:00:00+05:30,2583.75,2921.35009765625,2252.75,2885.60009765625,0,0.11039429852945115
2008-11-03 00:00:00+05:30,2885.39990234375,3240.550048828125,2860.10009765625,2973.0,0,0.029838659566154065
2008-11-10 00:00:00+05:30,2973.300048828125,3161.25,2778.800048828125,2810.35009765625,0,-0.056262478517728684
2008-11-17 00:00:00+05:30,2813.39990234375,2835.699951171875,2502.89990234375,2693.449951171875,0,-0.042486183868270626
2008-11-24 00:00:00+05:30,2690.85009765625,2790.699951171875,2633.800048828125,2755.10009765625,0,0.022630893402453847
2008-12-01 00:00:00+05:30,2755.14990234375,2832.85009765625,2570.699951171875,2714.39990234375,0,-0.014882876521636132
2008-12-08 00:00:00+05:30,2714.699951171875,2945.300048828125,2714.699951171875,2921.35009765625,0,0.07347497312398495
2008-12-15 00:00:00+05:30,2917.89990234375,3106.800048828125,2917.89990234375,3077.5,0,0.05207170744170744
2008-12-22 00:00:00+05:30,3077.25,3110.449951171875,2844.800048828125,2857.25,0,-0.0742579552809012
2008-12-29 00:00:00+05:30,2857.14990234375,3079.85009765625,2812.89990234375,3046.75,0,0.06421582492590444
2009-01-05 00:00:00+05:30,3058.75,3147.199951171875,2810.25,2873.0,0,-0.058718668724322146
2009-01-12 00:00:00+05:30,2868.85009765625,2869.199951171875,2701.75,2828.449951171875,0,-0.015627938829603748
2009-01-19 00:00:00+05:30,2828.699951171875,2868.199951171875,2661.64990234375,2678.550048828125,0,-0.05445321960913012
2009-01-26 00:00:00+05:30,2686.050048828125,2881.0,2685.25,2874.800048828125,0,0.07070750203860893
2009-02-02 00:00:00+05:30,2872.35009765625,2873.449951171875,2752.89990234375,2843.10009765625,0,-0.01108808308639587
2009-02-09 00:00:00+05:30,2843.050048828125,2969.75,2840.14990234375,2948.35009765625,0,0.03635068445061798
2009-02-16 00:00:00+05:30,2948.25,2953.199951171875,2709.300048828125,2736.449951171875,0,-0.07458428288465081
2009-02-23 00:00:00+05:30,2737.25,2797.800048828125,2677.550048828125,2763.64990234375,0,0.00989079239959039
2009-03-02 00:00:00+05:30,2764.60009765625,2764.60009765625,2539.449951171875,2620.14990234375,0,-0.053320703704859515
2009-03-09 00:00:00+05:30,2620.10009765625,2726.14990234375,2555.60009765625,2719.25,0,0.03712457622049293
2009-03-16 00:00:00+05:30,2716.050048828125,2836.050048828125,2701.949951171875,2807.050048828125,0,0.031778020235427314
2009-03-23 00:00:00+05:30,2807.25,3123.35009765625,2807.25,3108.64990234375,0,0.10205438970668636
2009-03-30 00:00:00+05:30,3108.75,3228.75,2962.39990234375,3211.050048828125,0,0.032409484731547665
2009-04-06 00:00:00+05:30,3211.35009765625,3401.14990234375,3149.25,3342.050048828125,0,0.039986404107170574
2009-04-13 00:00:00+05:30,3342.199951171875,3511.25,3311.800048828125,3384.39990234375,0,0.01259220344073472
2009-04-20 00:00:00+05:30,3384.75,3491.35009765625,3296.89990234375,3480.75,0,0.028071178593868547
2009-04-27 00:00:00+05:30,3481.300048828125,3517.25,3351.5,3473.949951171875,0,-0.001955526778398614
2009-05-04 00:00:00+05:30,3478.699951171875,3717.050048828125,3478.699951171875,3620.699951171875,0,0.04137510279514086
2009-05-11 00:00:00+05:30,3615.75,3709.60009765625,3534.199951171875,3671.64990234375,0,0.013973761889880035
2009-05-18 00:00:00+05:30,3673.14990234375,4509.39990234375,3673.14990234375,4238.5,0,0.14356830735244297
2009-05-25 00:00:00+05:30,4238.10009765625,4488.0498046875,4092.25,4448.9501953125,0,0.048458724114679046
2009-06-01 00:00:00+05:30,4450.39990234375,4636.85009765625,4450.39990234375,4586.89990234375,0,0.03053623616491715
2009-06-08 00:00:00+05:30,4582.35009765625,4693.2001953125,4365.10009765625,4583.39990234375,0,-0.000763333859195884
2009-06-15 00:00:00+05:30,4584.64990234375,4601.0498046875,4206.7001953125,4313.60009765625,0,-0.06066821455177469
2009-06-22 00:00:00+05:30,4314.2001953125,4383.75,4143.25,4375.5,0,0.014247954058799833
2009-06-29 00:00:00+05:30,4375.39990234375,4439.9501953125,4249.7001953125,4424.25,0,0.011079973575408537
2009-07-06 00:00:00+05:30,4429.60009765625,4479.7998046875,3976.800048828125,4003.89990234375,0,-0.09983191084332158
2009-07-13 00:00:00+05:30,4003.39990234375,4390.39990234375,3918.75,4374.9501953125,0,0.08862627409037328
2009-07-20 00:00:00+05:30,4377.89990234375,4578.75,4377.89990234375,4568.5498046875,0,0.043300689340235836
2009-07-27 00:00:00+05:30,4568.64990234375,4669.75,4420.7998046875,4636.4501953125,0,0.014753204172442108
2009-08-03 00:00:00+05:30,4633.7998046875,4731.4501953125,4463.9501953125,4481.39990234375,0,-0.03401355351140828
2009-08-10 00:00:00+05:30,4486.5,4619.0,4359.39990234375,4580.0498046875,0,0.021774396635406444
2009-08-17 00:00:00+05:30,4578.7998046875,4578.7998046875,4353.4501953125,4528.7998046875,0,-0.01125291183933927
2009-08-24 00:00:00+05:30,4536.9501953125,4743.75,4536.9501953125,4732.35009765625,0,0.043964967900286506
2009-08-31 00:00:00+05:30,4730.85009765625,4735.89990234375,4576.60009765625,4680.39990234375,0,-0.011038373016103374
2009-09-07 00:00:00+05:30,4682.39990234375,4889.0498046875,4679.2998046875,4829.5498046875,0,0.03136969968337001
2009-09-14 00:00:00+05:30,4830.35009765625,5003.0498046875,4786.25,4976.0498046875,0,0.029883109186296827
2009-09-21 00:00:00+05:30,4977.10009765625,5036.2998046875,4904.0498046875,4958.9501953125,0,-0.003442300203331586
2009-09-28 00:00:00+05:30,4959.14990234375,5110.5,4959.10009765625,5083.39990234375,0,0.024786245678533672
2009-10-05 00:00:00+05:30,5076.0498046875,5077.0,4921.0498046875,4945.2001953125,0,-0.027562861196594502
2009-10-12 00:00:00+05:30,4945.4501953125,5152.25,4945.4501953125,5142.14990234375,0,0.039053812309474946
2009-10-19 00:00:00+05:30,5145.60009765625,5181.9501953125,4968.4501953125,4997.0498046875,0,-0.02862356172542912
2009-10-26 00:00:00+05:30,4997.14990234375,5033.75,4687.5,4711.7001953125,0,-0.05879888068754594
2009-11-02 00:00:00+05:30,4712.25,4836.2001953125,4538.5,4796.14990234375,0,0.017764673835681116
2009-11-09 00:00:00+05:30,4796.14990234375,5017.89990234375,4789.89990234375,4998.9501953125,0,0.04141443707353278
2009-11-16 00:00:00+05:30,4996.5,5079.2998046875,4932.7998046875,5052.4501953125,0,0.01064538336089877
2009-11-23 00:00:00+05:30,5052.9501953125,5138.0,4806.7001953125,4941.75,0,-0.022153793332713865
2009-11-30 00:00:00+05:30,4942.25,5181.0,4942.25,5108.89990234375,0,0.03326457826025631
2009-12-07 00:00:00+05:30,5108.85009765625,5182.5498046875,5051.5498046875,5117.2998046875,0,0.0016428202995396038
2009-12-14 00:00:00+05:30,5117.4501953125,5156.7001953125,4979.0498046875,4987.7001953125,0,-0.025651997218253075
2009-12-21 00:00:00+05:30,4983.64990234375,5197.89990234375,4943.9501953125,5178.39990234375,0,0.03752118856933541
2009-12-28 00:00:00+05:30,5180.75,5221.85009765625,5160.10009765625,5201.0498046875,0,0.004364381337289827
2010-01-04 00:00:00+05:30,5200.89990234375,5310.85009765625,5167.10009765625,5244.75,0,0.00836708554187878
2010-01-11 00:00:00+05:30,5263.7998046875,5300.5,5169.5498046875,5252.2001953125,0,0.001419497363495513
2010-01-18 00:00:00+05:30,5253.64990234375,5292.5,4954.85009765625,5036.0,0,-0.0420349574513436
2010-01-25 00:00:00+05:30,5034.5498046875,5035.7001953125,4766.0,4882.0498046875,0,-0.031046942565806916
2010-02-01 00:00:00+05:30,4882.0498046875,4951.14990234375,4692.35009765625,4718.64990234375,0,-0.03404245257443394
2010-02-08 00:00:00+05:30,4755.35009765625,4843.7998046875,4675.39990234375,4826.85009765625,0,0.02267138018354294
2010-02-15 00:00:00+05:30,4827.89990234375,4929.7001953125,4783.89990234375,4844.89990234375,0,0.0037324839129361177
2010-02-22 00:00:00+05:30,4849.35009765625,4992.0,4833.14990234375,4922.2998046875,0,0.01584927612697926
2010-03-01 00:00:00+05:30,4935.60009765625,5118.64990234375,4935.35009765625,5088.7001953125,0,0.033246572307394764
2010-03-08 00:00:00+05:30,5092.14990234375,5158.10009765625,5092.0498046875,5137.0,0,0.009446817912417948
2010-03-15 00:00:00+05:30,5134.4501953125,5269.9501953125,5101.2001953125,5262.7998046875,0,0.02419391591251608
2010-03-22 00:00:00+05:30,5260.9501953125,5293.75,5187.0498046875,5282.0,0,0.0036416464772937467
2010-03-29 00:00:00+05:30,5283.89990234375,5329.5498046875,5235.14990234375,5290.5,0,0.0016079454871389095
2010-04-05 00:00:00+05:30,5291.39990234375,5399.64990234375,5290.25,5361.75,0,0.013377654970854523
2010-04-12 00:00:00+05:30,5354.14990234375,5382.14990234375,5237.5498046875,5262.60009765625,0,-0.01866519457302564
2010-04-19 00:00:00+05:30,5279.0498046875,5331.7998046875,5160.89990234375,5304.10009765625,0,0.007854905052713228
2010-04-26 00:00:00+05:30,5299.35009765625,5342.35009765625,5202.4501953125,5278.0,0,-0.004932886731489162
2010-05-03 00:00:00+05:30,5278.39990234375,5278.7001953125,4984.60009765625,5018.0498046875,0,-0.05050586497940062
2010-05-10 00:00:00+05:30,5026.60009765625,5212.7001953125,5026.60009765625,5093.5,0,0.014923843946252418
2010-05-17 00:00:00+05:30,5093.89990234375,5105.2001953125,4842.2998046875,4931.14990234375,0,-0.0323930102794727
2010-05-24 00:00:00+05:30,4944.2998046875,5077.25,4786.4501953125,5066.5498046875,0,0.027087867285302346
2010-05-31 00:00:00+05:30,5076.10009765625,5147.89990234375,4961.0498046875,5135.5,0,0.013517135569908344
2010-06-07 00:00:00+05:30,5132.9501953125,5139.0498046875,4967.2998046875,5119.35009765625,0,-0.003149712680627784
2010-06-14 00:00:00+05:30,5120.14990234375,5302.2998046875,5120.14990234375,5262.60009765625,0,0.027597722816813972
2010-06-21 00:00:00+05:30,5266.5,5366.75,5259.89990234375,5269.0498046875,0,0.001224823821029484
2010-06-28 00:00:00+05:30,5271.10009765625,5339.4501953125,5210.0,5237.10009765625,0,-0.006082114917222517
2010-07-05 00:00:00+05:30,5237.0,5359.0498046875,5225.85009765625,5352.4501953125,0,0.02178650783541362
2010-07-12 00:00:00+05:30,5352.25,5453.4501953125,5351.60009765625,5393.89990234375,0,0.007714230824076941
2010-07-19 00:00:00+05:30,5392.7001953125,5477.5,5353.60009765625,5449.10009765625,0,0.010181808022088156
2010-07-26 00:00:00+05:30,5446.5498046875,5466.25,5349.2001953125,5367.60009765625,0,-0.015069575906975729
2010-08-02 00:00:00+05:30,5369.5498046875,5487.14990234375,5351.2998046875,5439.25,0,0.013260284277856598
2010-08-09 00:00:00+05:30,5439.7998046875,5492.2998046875,5372.4501953125,5452.10009765625,0,0.0023596897544602645
2010-08-16 00:00:00+05:30,5452.10009765625,5546.60009765625,5397.39990234375,5530.64990234375,0,0.014304458186121177
2010-08-23 00:00:00+05:30,5531.14990234375,5549.7998046875,5391.9501953125,5408.7001953125,0,-0.022296527311826842
2010-08-30 00:00:00+05:30,5408.89990234375,5513.9501953125,5348.89990234375,5479.39990234375,0,0.01298678374710099
2010-09-06 00:00:00+05:30,5479.5498046875,5647.4501953125,5479.5498046875,5640.0498046875,0,0.028897307997298387
2010-09-13 00:00:00+05:30,5639.2001953125,5901.64990234375,5639.2001953125,5884.9501953125,0,0.04250538159856976
2010-09-20 00:00:00+05:30,5885.0498046875,6037.39990234375,5885.0498046875,6018.2998046875,0,0.022406517273014678
2010-09-27 00:00:00+05:30,6018.2998046875,6153.10009765625,5963.60009765625,6143.39990234375,0,0.020573523969651255
2010-10-04 00:00:00+05:30,6144.7001953125,6223.39990234375,6067.0,6103.4501953125,0,-0.006524101857030146
2010-10-11 00:00:00+05:30,6105.9501953125,6284.10009765625,6050.35009765625,6062.64990234375,0,-0.006707234955825506
2010-10-18 00:00:00+05:30,6112.75,6127.0498046875,5966.75,6066.0498046875,0,0.0005606375810973241
2010-10-25 00:00:00+05:30,6101.25,6151.2998046875,5937.10009765625,6017.7001953125,0,-0.008002460725845215
2010-11-01 00:00:00+05:30,6092.2998046875,6338.5,6084.75,6312.4501953125,0,0.04781874574590689
2010-11-08 00:00:00+05:30,6335.25,6335.89990234375,6056.75,6071.64990234375,0,-0.03889352400458296
2010-11-15 00:00:00+05:30,6079.89990234375,6144.0498046875,5863.9501953125,5890.2998046875,0,-0.03032348372012144
2010-11-22 00:00:00+05:30,5920.89990234375,6020.25,5690.35009765625,5751.9501953125,0,-0.023767935285974696
2010-11-29 00:00:00+05:30,5789.9501953125,6029.5,5754.7001953125,5992.7998046875,0,0.04101975435215401
2010-12-06 00:00:00+05:30,6033.64990234375,6069.4501953125,5721.14990234375,5857.35009765625,0,-0.022861416510618304
2010-12-13 00:00:00+05:30,5882.64990234375,5956.14990234375,5795.89990234375,5948.75,0,0.01548381390345874
2010-12-20 00:00:00+05:30,5926.85009765625,6023.7998046875,5900.25,6011.60009765625,0,0.01050983886925432
2010-12-27 00:00:00+05:30,6013.2998046875,6147.2998046875,5982.25,6134.5,0,0.02023762292666305
2011-01-03 00:00:00+05:30,6177.4501953125,6181.0498046875,5883.60009765625,5904.60009765625,0,-0.03819685055923091
2011-01-10 00:00:00+05:30,5901.2998046875,5907.25,5639.64990234375,5654.5498046875,0,-0.04327122842567727
2011-01-17 00:00:00+05:30,5648.7998046875,5747.64990234375,5624.14990234375,5696.5,0,0.007391454891841121
2011-01-24 00:00:00+05:30,5717.10009765625,5801.5498046875,5459.5498046875,5512.14990234375,0,-0.03289722217881203
2011-01-31 00:00:00+05:30,5452.5498046875,5556.2998046875,5369.0498046875,5395.75,0,-0.021343122320278636
2011-02-07 00:00:00+05:30,5430.14990234375,5440.35009765625,5177.7001953125,5310.0,0,-0.016019771403095302
2011-02-14 00:00:00+05:30,5340.25,5599.25,5340.25,5458.9501953125,0,0.027664664095563125
2011-02-21 00:00:00+05:30,5456.60009765625,5526.25,5232.75,5303.5498046875,0,-0.028880128520811964
2011-02-28 00:00:00+05:30,5330.14990234375,5608.2001953125,5308.60009765625,5538.75,0,0.043392472702963446
2011-03-07 00:00:00+05:30,5490.0498046875,5563.2998046875,5408.4501953125,5445.4501953125,0,-0.016988410066318904
2011-03-14 00:00:00+05:30,5436.5,5537.2998046875,5366.39990234375,5373.7001953125,0,-0.013263712823592901
2011-03-21 00:00:00+05:30,5408.75,5667.10009765625,5348.2001953125,5654.25,0,0.050890754136133594
2011-03-28 00:00:00+05:30,5645.25,5872.0,5643.2001953125,5826.0498046875,0,0.029931732416276384
2011-04-04 00:00:00+05:30,5842.0,5944.4501953125,5822.0,5842.0,0,0.0027339967714889468
2011-04-11 00:00:00+05:30,5805.35009765625,5923.60009765625,5735.5498046875,5824.5498046875,0,-0.0029914942494866426
2011-04-18 00:00:00+05:30,5824.35009765625,5912.89990234375,5693.25,5884.7001953125,0,0.010274085826361728
2011-04-25 00:00:00+05:30,5859.60009765625,5906.60009765625,5706.0498046875,5749.5,0,-0.023242901035841944
2011-05-02 00:00:00+05:30,5766.89990234375,5775.25,5443.64990234375,5551.4501953125,0,-0.035053704427509096
2011-05-09 00:00:00+05:30,5575.2001953125,5605.0,5472.14990234375,5544.75,0,-0.0012076559558912387
2011-05-16 00:00:00+05:30,5541.7001953125,5541.7998046875,5401.25,5486.35009765625,0,-0.010588327082486066
2011-05-23 00:00:00+05:30,5456.7001953125,5485.7998046875,5328.7001953125,5476.10009765625,0,-0.0018700204433098654
2011-05-30 00:00:00+05:30,5493.75,5604.9501953125,5458.60009765625,5516.75,0,0.0073957321836667575
2011-06-06 00:00:00+05:30,5504.2998046875,5570.10009765625,5457.4501953125,5485.7998046875,0,-0.005626018968039572
2011-06-13 00:00:00+05:30,5469.85009765625,5520.14990234375,5355.85009765625,5366.39990234375,0,-0.022005625363981852
2011-06-20 00:00:00+05:30,5372.2001953125,5477.85009765625,5195.89990234375,5471.25,0,0.019349835073936533
2011-06-27 00:00:00+05:30,5441.2001953125,5705.7998046875,5434.25,5627.2001953125,0,0.02810490792325949
2011-07-04 00:00:00+05:30,5679.5498046875,5740.39990234375,5610.75,5660.64990234375,0,0.005926691912768309
2011-07-11 00:00:00+05:30,5648.0498046875,5652.89990234375,5496.9501953125,5581.10009765625,0,-0.01415280227969936
2011-07-18 00:00:00+05:30,5581.75,5645.39990234375,5532.7001953125,5633.9501953125,0,0.00942492231318069
2011-07-25 00:00:00+05:30,5633.7998046875,5702.25,5453.9501953125,5482.0,0,-0.027340831511883153
2011-08-01 00:00:00+05:30,5527.5,5551.89990234375,5116.4501953125,5211.25,0,-0.050650247667724496
2011-08-08 00:00:00+05:30,5083.85009765625,5204.2001953125,4946.4501953125,5072.9501953125,0,-0.026897209277041884
2011-08-15 00:00:00+05:30,5125.75,5132.2001953125,4796.10009765625,4845.64990234375,0,-0.04584116581825876
2011-08-22 00:00:00+05:30,4843.7001953125,4965.7998046875,4720.0,4747.7998046875,0,-0.02040006339397838
2011-08-29 00:00:00+05:30,4806.2001953125,5113.7001953125,4806.0498046875,5040.0,0,0.05972477035968671
2011-09-05 00:00:00+05:30,4998.89990234375,5169.25,4942.89990234375,5059.4501953125,0,0.003851738259626116
2011-09-12 00:00:00+05:30,4981.7001953125,5143.60009765625,4911.0498046875,5084.25,0,0.00488970565414439
2011-09-19 00:00:00+05:30,5068.39990234375,5168.39990234375,4829.60009765625,4867.75,0,-0.043515707983454256
2011-09-26 00:00:00+05:30,4878.60009765625,5034.25,4758.85009765625,4943.25,0,0.015391191605208588
2011-10-03 00:00:00+05:30,4874.39990234375,4922.60009765625,4728.2998046875,4888.0498046875,0,-0.011229598626396529
2011-10-10 00:00:00+05:30,4886.85009765625,5141.39990234375,4882.0498046875,5132.2998046875,0,0.04876045273891582
2011-10-17 00:00:00+05:30,5156.2001953125,5160.2001953125,5011.0498046875,5049.9501953125,0,-0.01617548280704218
2011-10-24 00:00:00+05:30,5114.7001953125,5399.7001953125,5084.75,5360.7001953125,0,0.059716219080449495
2011-10-31 00:00:00+05:30,5358.89990234375,5360.25,5201.85009765625,5284.2001953125,0,-0.014373326985795095
2011-11-07 00:00:00+05:30,5292.25,5317.5,5142.25,5168.85009765625,0,-0.022071027485510247
2011-11-14 00:00:00+05:30,5217.35009765625,5228.89990234375,4837.9501953125,4905.7998046875,0,-0.05223210674914741
2011-11-21 00:00:00+05:30,4873.7998046875,4873.7998046875,4640.9501953125,4710.0498046875,0,-0.04071965656822593
2011-11-28 00:00:00+05:30,4769.2998046875,5062.5498046875,4754.7998046875,5050.14990234375,0,0.06971944426309389
2011-12-05 00:00:00+05:30,5036.5,5099.25,4841.75,4866.7001953125,0,-0.037001797008921034
2011-12-12 00:00:00+05:30,4906.85009765625,4910.25,4628.2001953125,4651.60009765625,0,-0.045204862039351756
2011-12-19 00:00:00+05:30,4623.14990234375,4763.4501953125,4531.14990234375,4714.0,0,0.013325537083068282
2011-12-26 00:00:00+05:30,4780.2001953125,4800.5,4608.89990234375,4624.2998046875,0,-0.019211838591796898
2012-01-02 00:00:00+05:30,4675.7998046875,4794.89990234375,4675.7998046875,4754.10009765625,0,0.027682458254072582
2012-01-09 00:00:00+05:30,4747.5498046875,4898.85009765625,4695.4501953125,4866.0,0,0.02326482018511589
2012-01-16 00:00:00+05:30,4844.0,5064.14990234375,4827.0498046875,5048.60009765625,0,0.036838752111690146
2012-01-23 00:00:00+05:30,5025.35009765625,5217.0,5021.35009765625,5204.7001953125,0,0.030451104571411456
2012-01-30 00:00:00+05:30,5163.5498046875,5334.85009765625,5076.7001953125,5325.85009765625,0,0.023010240561855584
2012-02-06 00:00:00+05:30,5379.4501953125,5427.75,5322.9501953125,5381.60009765625,0,0.010413404269293434
2012-02-13 00:00:00+05:30,5382.10009765625,5606.7001953125,5351.39990234375,5564.2998046875,0,0.03338540967566006
2012-02-20 00:00:00+05:30,5561.89990234375,5629.9501953125,5405.89990234375,5429.2998046875,0,-0.02456097933307129
2012-02-27 00:00:00+05:30,5448.10009765625,5458.7998046875,5268.14990234375,5359.35009765625,0,-0.01296745892415503
2012-03-05 00:00:00+05:30,5342.5498046875,5382.0498046875,5171.4501953125,5333.5498046875,0,-0.004825696167123443
2012-03-12 00:00:00+05:30,5420.10009765625,5499.39990234375,5305.0,5317.89990234375,0,-0.002938550908226615
2012-03-19 00:00:00+05:30,5337.35009765625,5385.9501953125,5205.64990234375,5278.2001953125,0,-0.007493302710500435
2012-03-26 00:00:00+05:30,5274.35009765625,5307.10009765625,5135.9501953125,5295.5498046875,0,0.0032816408455025523
2012-04-02 00:00:00+05:30,5296.35009765625,5378.75,5278.7998046875,5322.89990234375,0,0.005151440915401697
2012-04-09 00:00:00+05:30,5282.5,5306.75,5185.39990234375,5207.4501953125,0,-0.021927919192059598
2012-04-16 00:00:00+05:30,5190.60009765625,5342.4501953125,5183.5,5290.85009765625,0,0.01588860187233827
2012-04-23 00:00:00+05:30,5277.39990234375,5310.5498046875,5154.2998046875,5190.60009765625,0,-0.01912961570304332
2012-04-30 00:00:00+05:30,5201.4501953125,5279.60009765625,5070.60009765625,5086.85009765625,0,-0.02019051857010241
2012-05-07 00:00:00+05:30,5017.7998046875,5124.75,4906.14990234375,4928.89990234375,0,-0.03154297806264909
2012-05-14 00:00:00+05:30,4934.35009765625,4957.2001953125,4788.9501953125,4891.4501953125,0,-0.007626996634433559
2012-05-21 00:00:00+05:30,4954.7001953125,4956.35009765625,4803.9501953125,4920.39990234375,0,0.005900985186155548
2012-05-28 00:00:00+05:30,4931.7001953125,5020.14990234375,4831.75,4841.60009765625,0,-0.016144543383132107
2012-06-04 00:00:00+05:30,4797.2998046875,5084.4501953125,4770.35009765625,5068.35009765625,0,0.04577007533350323
2012-06-11 00:00:00+05:30,5096.7001953125,5146.2001953125,5015.14990234375,5139.0498046875,0,0.013852859360910741
2012-06-18 00:00:00+05:30,5174.0,5190.2001953125,5041.7001953125,5146.0498046875,0,0.00136119266641724
2012-06-25 00:00:00+05:30,5158.5,5286.25,5095.5,5278.89990234375,0,0.025488332038103013
2012-07-02 00:00:00+05:30,5283.85009765625,5333.64990234375,5263.35009765625,5316.9501953125,0,0.007182143231708543
2012-07-09 00:00:00+05:30,5283.7001953125,5348.5498046875,5216.85009765625,5227.25,0,-0.017014540243390233
2012-07-16 00:00:00+05:30,5232.35009765625,5257.75,5169.0498046875,5205.10009765625,0,-0.004246394229500631
2012-07-23 00:00:00+05:30,5163.25,5164.2001953125,5032.39990234375,5099.85009765625,0,-0.020427786258007744
2012-07-30 00:00:00+05:30,5129.75,5246.35009765625,5129.75,5215.7001953125,0,0.022462198398005267
2012-08-06 00:00:00+05:30,5260.85009765625,5377.60009765625,5260.85009765625,5320.39990234375,0,0.019875125062053783
2012-08-13 00:00:00+05:30,5316.35009765625,5399.9501953125,5309.0498046875,5366.2998046875,0,0.008590151468753082
2012-08-20 00:00:00+05:30,5368.7001953125,5448.60009765625,5368.7001953125,5386.7001953125,0,0.0037943671720897312
2012-08-27 00:00:00+05:30,5387.85009765625,5399.14990234375,5238.89990234375,5258.5,0,-0.024087173804842786
2012-09-03 00:00:00+05:30,5276.5,5347.14990234375,5215.7001953125,5342.10009765625,0,0.015773037395793523
2012-09-10 00:00:00+05:30,5361.89990234375,5586.64990234375,5332.10009765625,5577.64990234375,0,0.04314867085029624
2012-09-17 00:00:00+05:30,5631.75,5720.0,5534.89990234375,5691.14990234375,0,0.020144796296714236
2012-09-24 00:00:00+05:30,5691.9501953125,5735.14990234375,5638.64990234375,5703.2998046875,0,0.002132600917278454
2012-10-01 00:00:00+05:30,5704.75,5815.35009765625,4888.2001953125,5746.9501953125,0,0.007624392843742687
2012-10-08 00:00:00+05:30,5751.85009765625,5751.85009765625,5636.9501953125,5676.0498046875,0,-0.012413779412270788
2012-10-15 00:00:00+05:30,5674.25,5722.5,5633.89990234375,5684.25,0,0.0014436585086106582
2012-10-22 00:00:00+05:30,5667.60009765625,5721.5498046875,5641.75,5664.2998046875,0,-0.0035159057689653694
2012-10-29 00:00:00+05:30,5665.2001953125,5711.2998046875,5583.0498046875,5697.7001953125,0,0.0058793323070403525
2012-11-05 00:00:00+05:30,5693.0498046875,5777.2998046875,5677.75,5686.25,0,-0.0020116390141093235
2012-11-12 00:00:00+05:30,5688.4501953125,5718.89990234375,5559.7998046875,5574.0498046875,0,-0.019929115703282985
2012-11-19 00:00:00+05:30,5577.2998046875,5643.35009765625,5548.35009765625,5626.60009765625,0,0.009383505245657186
2012-11-26 00:00:00+05:30,5648.64990234375,5885.25,5623.4501953125,5879.85009765625,0,0.0440258985452414
2012-12-03 00:00:00+05:30,5878.25,5949.85009765625,5838.89990234375,5907.39990234375,0,0.004674517780423327
2012-12-10 00:00:00+05:30,5916.0498046875,5965.14990234375,5839.14990234375,5879.60009765625,0,-0.00471703677508471
2012-12-17 00:00:00+05:30,5860.5,5939.39990234375,5823.14990234375,5847.7001953125,0,-0.005440294053142789
2012-12-24 00:00:00+05:30,5869.0,5930.7998046875,5844.7001953125,5908.35009765625,0,0.01031816620720032
2012-12-31 00:00:00+05:30,5901.2001953125,6020.75,5897.14990234375,6016.14990234375,0,0.01808088246590388
2013-01-07 00:00:00+05:30,6042.14990234375,6042.14990234375,5940.60009765625,5951.2998046875,0,-0.010837853345851288
2013-01-14 00:00:00+05:30,5967.2001953125,6083.39990234375,5962.14990234375,6064.39990234375,0,0.01882594285294762
2013-01-21 00:00:00+05:30,6085.75,6101.2998046875,6007.85009765625,6074.64990234375,729700,0.0016887652000675156
2013-01-28 00:00:00+05:30,6082.10009765625,6111.7998046875,5983.2001953125,5998.89990234375,722700,-0.012548255514070837
2013-02-04 00:00:00+05:30,6025.2001953125,6038.5,5883.64990234375,5903.5,785900,-0.01603070744305811
2013-02-11 00:00:00+05:30,5920.0498046875,5969.5,5853.89990234375,5887.39990234375,676300,-0.002730937892075327
2013-02-18 00:00:00+05:30,5888.64990234375,5971.0,5835.7998046875,5850.2998046875,667100,-0.006321548877824962
2013-02-25 00:00:00+05:30,5870.5498046875,5878.39990234375,5671.89990234375,5719.7001953125,967100,-0.02257651798395676
2013-03-04 00:00:00+05:30,5704.7001953125,5952.85009765625,5663.60009765625,5945.7001953125,741700,0.038751911454473924
2013-03-11 00:00:00+05:30,5946.10009765625,5971.2001953125,5791.75,5872.60009765625,659200,-0.012370819507787961
2013-03-18 00:00:00+05:30,5816.75,5863.60009765625,5631.7998046875,5651.35009765625,817100,-0.03840301060739664
2013-03-25 00:00:00+05:30,5707.2998046875,5718.39990234375,5604.85009765625,5682.5498046875,486600,0.0055055693289442304
2013-04-01 00:00:00+05:30,5697.35009765625,5754.60009765625,5534.7001953125,5553.25,617000,-0.023016699323809012
2013-04-08 00:00:00+05:30,5550.5,5610.64990234375,5477.2001953125,5528.5498046875,637900,-0.004457802279655695
2013-04-15 00:00:00+05:30,5508.5,5794.35009765625,5500.2998046875,5783.10009765625,590100,0.0450143483000673
2013-04-22 00:00:00+05:30,5789.85009765625,5924.60009765625,5789.7998046875,5871.4501953125,608200,0.015161767364026501
2013-04-29 00:00:00+05:30,5877.60009765625,6019.4501953125,5867.7998046875,5944.0,580300,0.01228065207542511
2013-05-06 00:00:00+05:30,5944.89990234375,6105.2998046875,5928.4501953125,6094.75,590300,0.025045437449311845
2013-05-13 00:00:00+05:30,6098.2001953125,6199.9501953125,5970.0498046875,6187.2998046875,687000,0.015071027708631293
2013-05-20 00:00:00+05:30,6198.0,6229.4501953125,5936.7998046875,5983.5498046875,747200,-0.033484767905262516
2013-05-27 00:00:00+05:30,5989.39990234375,6133.75,5975.5498046875,5985.9501953125,744400,0.00040108453271707863
2013-06-03 00:00:00+05:30,5997.35009765625,6011.0,5869.5,5881.0,569300,-0.01768827372303685
2013-06-10 00:00:00+05:30,5907.89990234375,5931.64990234375,5683.10009765625,5808.39990234375,687800,-0.012421686616308427
2013-06-17 00:00:00+05:30,5820.39990234375,5863.39990234375,5616.85009765625,5667.64990234375,721000,-0.024530576346592215
2013-06-24 00:00:00+05:30,5638.0498046875,5852.9501953125,5566.25,5842.2001953125,1003600,0.03033291914703691
2013-07-01 00:00:00+05:30,5834.10009765625,5904.35009765625,5760.39990234375,5867.89990234375,726500,0.004389330249658865
2013-07-08 00:00:00+05:30,5833.14990234375,6019.0,5775.5498046875,6009.0,603400,0.023761543440176815
2013-07-15 00:00:00+05:30,5991.2001953125,6066.85009765625,5910.9501953125,6029.2001953125,794000,0.0033560189968762327
2013-07-22 00:00:00+05:30,6009.75,6093.35009765625,5869.5,5886.2001953125,805200,-0.024003703000171607
2013-07-29 00:00:00+05:30,5869.9501953125,5886.0,5649.0,5677.89990234375,1029700,-0.03602923248732023
2013-08-05 00:00:00+05:30,5682.39990234375,5721.0,5486.85009765625,5565.64990234375,863300,-0.01996766706311131
2013-08-12 00:00:00+05:30,5606.7001953125,5754.5498046875,5496.0498046875,5507.85009765625,890500,-0.010439396687576272
2013-08-19 00:00:00+05:30,5497.5498046875,5504.10009765625,5254.0498046875,5471.75,1271800,-0.006575872968430057
2013-08-26 00:00:00+05:30,5499.39990234375,5528.7001953125,5118.85009765625,5471.7998046875,1546900,9.102108253662277e-06
2013-09-02 00:00:00+05:30,5480.25,5688.60009765625,5318.89990234375,5680.39990234375,1229600,0.037414041346618625
2013-09-09 00:00:00+05:30,5738.5,5932.0,5738.2001953125,5850.60009765625,1004000,0.029522601181725495
2013-09-16 00:00:00+05:30,5930.2998046875,6142.5,5798.14990234375,6012.10009765625,1136800,0.027229884616890434
2013-09-23 00:00:00+05:30,5945.7998046875,5989.39990234375,5811.10009765625,5833.2001953125,959800,-0.030208353055365043
2013-09-30 00:00:00+05:30,5801.0498046875,5950.4501953125,5700.9501953125,5907.2998046875,706200,0.012623072834010728
2013-10-07 00:00:00+05:30,5889.0498046875,6107.60009765625,5825.85009765625,6096.2001953125,847300,0.031476817109320696
2013-10-14 00:00:00+05:30,6093.0,6201.4501953125,6032.5498046875,6189.35009765625,841400,0.01516443059982487
2013-10-21 00:00:00+05:30,6202.0,6252.4501953125,6116.60009765625,6144.89990234375,840600,-0.007207635282998243
2013-10-28 00:00:00+05:30,6155.10009765625,6332.60009765625,6079.2001953125,6307.2001953125,952400,0.0260694153425188
2013-11-04 00:00:00+05:30,6282.14990234375,6304.75,6120.9501953125,6140.75,657100,-0.02674498440635648
2013-11-11 00:00:00+05:30,6110.39990234375,6141.64990234375,5972.4501953125,6056.14990234375,617300,-0.013872616008926308
2013-11-18 00:00:00+05:30,6111.0498046875,6212.39990234375,5972.7998046875,5995.4501953125,753300,-0.010073387736235624
2013-11-25 00:00:00+05:30,6035.9501953125,6182.5,6030.2998046875,6176.10009765625,788800,0.02968613932185693
2013-12-02 00:00:00+05:30,6171.14990234375,6300.5498046875,6149.89990234375,6259.89990234375,833600,0.013477174830034837
2013-12-09 00:00:00+05:30,6415.0,6415.25,6161.39990234375,6168.39990234375,907100,-0.014724725773565109
2013-12-16 00:00:00+05:30,6168.35009765625,6284.5,6129.9501953125,6274.25,1153000,0.0170144867925184
2013-12-23 00:00:00+05:30,6267.2001953125,6324.89990234375,6259.4501953125,6313.7998046875,518000,0.006283727096276509
2013-12-30 00:00:00+05:30,6336.39990234375,6358.2998046875,6171.25,6211.14990234375,501800,-0.016391634795280434
2014-01-06 00:00:00+05:30,6220.85009765625,6239.10009765625,6139.60009765625,6171.4501953125,713800,-0.006412198204486348
2014-01-13 00:00:00+05:30,6189.5498046875,6346.5,6189.5498046875,6261.64990234375,712200,0.014509863001493581
2014-01-20 00:00:00+05:30,6261.75,6355.60009765625,6243.35009765625,6266.75,681700,0.0008141658915309287
2014-01-27 00:00:00+05:30,6186.2998046875,6188.5498046875,6027.25,6089.5,876000,-0.028691902406690194
2014-02-03 00:00:00+05:30,6058.7998046875,6079.9501953125,5933.2998046875,6063.2001953125,852200,-0.004328230816570922
2014-02-10 00:00:00+05:30,6072.7998046875,6106.60009765625,5984.60009765625,6048.35009765625,716000,-0.0024522220093480362
2014-02-17 00:00:00+05:30,6071.2998046875,6160.35009765625,6066.7998046875,6155.4501953125,466500,0.017552376266451265
2014-02-24 00:00:00+05:30,6140.9501953125,6282.7001953125,6130.7998046875,6276.9501953125,653500,0.019546324845279815
2014-03-03 00:00:00+05:30,6264.35009765625,6537.7998046875,6212.25,6526.64990234375,937300,0.039009555011313264
2014-03-10 00:00:00+05:30,6491.7001953125,6562.85009765625,6432.7001953125,6504.2001953125,1001300,-0.0034456277332485445
2014-03-17 00:00:00+05:30,6532.4501953125,6574.9501953125,6473.25,6493.2001953125,683700,-0.0016926465748076768
2014-03-24 00:00:00+05:30,6510.5,6702.60009765625,6510.5,6695.89990234375,1010300,0.030739878667946953
2014-03-31 00:00:00+05:30,6723.14990234375,6776.75,6662.39990234375,6694.35009765625,924300,-0.00023148256297232734
2014-04-07 00:00:00+05:30,6694.25,6819.0498046875,6650.39990234375,6776.2998046875,635500,0.012167299815648258
2014-04-14 00:00:00+05:30,6792.7001953125,6813.39990234375,6665.14990234375,6779.39990234375,374500,0.00045738660154707566
2014-04-21 00:00:00+05:30,6789.25,6869.85009765625,6772.85009765625,6782.75,563800,0.0004940363804429714
2014-04-28 00:00:00+05:30,6778.5498046875,6786.25,6656.7998046875,6694.7998046875,509100,-0.013051547953126042
2014-05-05 00:00:00+05:30,6681.64990234375,6871.35009765625,6638.5498046875,6858.7998046875,575400,0.02420139436278395
2014-05-12 00:00:00+05:30,6863.39990234375,7563.5,6862.89990234375,7203.0,1147100,0.04896513506085816
2014-05-19 00:00:00+05:30,7276.85009765625,7381.0,7193.5498046875,7367.10009765625,1275100,0.022526549003471986
2014-05-26 00:00:00+05:30,7428.75,7504.0,7118.4501953125,7229.9501953125,1170700,-0.018792007378896487
2014-06-02 00:00:00+05:30,7264.0498046875,7592.7001953125,7239.5,7583.39990234375,1108300,0.04772948748956292
2014-06-09 00:00:00+05:30,7621.64990234375,7700.0498046875,7525.35009765625,7542.10009765625,929500,-0.0054609642424774075
2014-06-16 00:00:00+05:30,7534.7998046875,7663.0,7487.5498046875,7511.4501953125,751500,-0.004072121738824493
2014-06-23 00:00:00+05:30,7514.0,7593.35009765625,7441.60009765625,7508.7998046875,677800,-0.00035290899319351244
2014-06-30 00:00:00+05:30,7534.0498046875,7758.0,7531.60009765625,7751.60009765625,674900,0.031823646221293855
2014-07-07 00:00:00+05:30,7780.39990234375,7808.85009765625,7447.2001953125,7459.60009765625,968800,-0.0383974797016566
2014-07-14 00:00:00+05:30,7469.0,7685.0,7422.14990234375,7663.89990234375,701500,0.027019173257855543
2014-07-21 00:00:00+05:30,7701.64990234375,7840.9501953125,7674.0,7790.4501953125,619100,0.0163776698277797
2014-07-28 00:00:00+05:30,7792.89990234375,7799.89990234375,7593.89990234375,7602.60009765625,684600,-0.02440834275624862
2014-08-04 00:00:00+05:30,7639.5498046875,7752.4501953125,7540.10009765625,7568.5498046875,616800,-0.004488829174170443
2014-08-11 00:00:00+05:30,7619.85009765625,7796.7001953125,7598.60009765625,7791.7001953125,509000,0.029057611917371443
2014-08-18 00:00:00+05:30,7785.25,7929.0498046875,7779.2001953125,7913.2001953125,603900,0.015473186214566514
2014-08-25 00:00:00+05:30,7931.75,7968.25,7862.4501953125,7954.35009765625,571000,0.005186685258171378
2014-09-01 00:00:00+05:30,7990.35009765625,8141.89990234375,7984.0,8086.85009765625,692200,0.01652033661838894
2014-09-08 00:00:00+05:30,8132.9501953125,8180.2001953125,8057.2998046875,8105.5,566700,0.002303545869270267
2014-09-15 00:00:00+05:30,8070.35009765625,8160.89990234375,7925.14990234375,8121.4501953125,626400,0.001965890109656161
2014-09-22 00:00:00+05:30,8084.4501953125,8159.89990234375,7841.7998046875,7968.85009765625,808200,-0.018968530154829816
2014-09-29 00:00:00+05:30,7978.4501953125,8030.89990234375,7923.85009765625,7945.5498046875,351400,-0.0029282046147549494
2014-10-06 00:00:00+05:30,7897.39990234375,7972.35009765625,7815.75,7859.9501953125,550800,-0.010831728992759372
2014-10-13 00:00:00+05:30,7831.0,7928.0,7723.85009765625,7779.7001953125,735400,-0.010262467805883356
2014-10-20 00:00:00+05:30,7896.9501953125,8031.75,7856.9501953125,8014.5498046875,510300,0.029740813246048308
2014-10-27 00:00:00+05:30,8064.35009765625,8330.75,7985.64990234375,8322.2001953125,787100,0.03766805103830626
2014-11-03 00:00:00+05:30,8348.150390625,8365.5498046875,8290.25,8337.0,456100,0.0017767730032021809
2014-11-10 00:00:00+05:30,8337.7998046875,8415.0498046875,8304.4501953125,8389.900390625,652100,0.0063252085874316985
2014-11-17 00:00:00+05:30,8378.400390625,8489.7998046875,8349.099609375,8477.349609375,633800,0.010369206870934403
2014-11-24 00:00:00+05:30,8490.9501953125,8617.0,8429.4501953125,8588.25,956000,0.012997135092579236
2014-12-01 00:00:00+05:30,8605.099609375,8626.9501953125,8504.650390625,8538.2998046875,729400,-0.005833088101377893
2014-12-08 00:00:00+05:30,8538.650390625,8546.349609375,8216.2998046875,8224.099609375,718800,-0.037493081203686454
2014-12-15 00:00:00+05:30,8160.75,8263.4501953125,7961.35009765625,8225.2001953125,887500,0.00013381553649222368
2014-12-22 00:00:00+05:30,8255.0,8364.75,8147.9501953125,8200.7001953125,568800,-0.0029830959138762336
2014-12-29 00:00:00+05:30,8214.7001953125,8410.599609375,8214.7001953125,8395.4501953125,346200,0.023470375395331488
2015-01-05 00:00:00+05:30,8407.9501953125,8445.599609375,8065.4501953125,8284.5,746900,-0.013303616665089665
2015-01-12 00:00:00+05:30,8291.349609375,8530.75,8236.650390625,8513.7998046875,787000,0.027302054440972806
2015-01-19 00:00:00+05:30,8550.0498046875,8866.400390625,8531.5,8835.599609375,836700,0.03710061750199222
2015-01-26 00:00:00+05:30,8871.349609375,8996.599609375,8775.099609375,8808.900390625,900700,-0.0030263525889373337
2015-02-02 00:00:00+05:30,8802.5,8840.7998046875,8645.5498046875,8661.0498046875,959000,-0.016926678594244425
2015-02-09 00:00:00+05:30,8584.400390625,8822.099609375,8470.5,8805.5,885300,0.0165405864660048
2015-02-16 00:00:00+05:30,8831.400390625,8913.4501953125,8793.400390625,8833.599609375,694900,0.003186062074276027
2015-02-23 00:00:00+05:30,8856.849609375,8869.0,8669.4501953125,8844.599609375,891600,0.001244470806503994
2015-03-02 00:00:00+05:30,8953.849609375,9119.2001953125,8849.349609375,8937.75,804400,0.010476820523105241
2015-03-09 00:00:00+05:30,8891.150390625,8891.2998046875,8631.75,8647.75,845200,-0.03298470815596873
2015-03-16 00:00:00+05:30,8656.75,8788.2001953125,8553.0,8570.900390625,834800,-0.008926381326539636
2015-03-23 00:00:00+05:30,8591.5498046875,8627.75,8269.150390625,8341.400390625,941500,-0.02714167535449385
2015-03-30 00:00:00+05:30,8390.9501953125,8603.400390625,8380.75,8586.25,427400,0.028930971726068316
2015-04-06 00:00:00+05:30,8615.7998046875,8787.400390625,8573.75,8780.349609375,735500,0.022354139143743533
2015-04-13 00:00:00+05:30,8801.75,8841.650390625,8596.7001953125,8606.0,414900,-0.020056591273290077
2015-04-20 00:00:00+05:30,8618.7998046875,8619.9501953125,8273.349609375,8305.25,1058100,-0.035571789456233106
2015-04-27 00:00:00+05:30,8330.5498046875,8334.4501953125,8144.75,8181.5,774200,-0.015012337073361564
2015-05-04 00:00:00+05:30,8230.0498046875,8355.650390625,7997.14990234375,8191.5,841500,0.0012215233913678136
2015-05-11 00:00:00+05:30,8243.2001953125,8332.75,8089.7998046875,8262.349609375,799800,0.008611972145470487
2015-05-18 00:00:00+05:30,8284.9501953125,8489.5498046875,8271.9501953125,8458.9501953125,743700,0.02351607210603778
2015-05-25 00:00:00+05:30,8438.150390625,8443.900390625,8270.150390625,8433.650390625,999800,-0.0029953734447413787
2015-06-01 00:00:00+05:30,8417.25,8467.150390625,8056.75,8114.7001953125,757200,-0.03855244630948442
2015-06-08 00:00:00+05:30,8124.35009765625,8163.0498046875,7940.2998046875,7982.89990234375,711500,-0.016375514042505552
2015-06-15 00:00:00+05:30,7986.60009765625,8250.7998046875,7944.85009765625,8224.9501953125,701400,0.029870499618989393
2015-06-22 00:00:00+05:30,8259.2998046875,8423.150390625,8257.400390625,8381.099609375,696300,0.01880688283618193
2015-06-29 00:00:00+05:30,8247.0498046875,8497.75,8195.650390625,8484.900390625,622700,0.012309034962446414
2015-07-06 00:00:00+05:30,8386.150390625,8561.349609375,8315.400390625,8360.5498046875,697200,-0.014763968105516273
2015-07-13 00:00:00+05:30,8397.25,8642.9501953125,8355.400390625,8609.849609375,546000,0.02938266027048608
2015-07-20 00:00:00+05:30,8623.900390625,8654.75,8498.650390625,8521.5498046875,651800,-0.01030862505784959
2015-07-27 00:00:00+05:30,8492.099609375,8548.9501953125,8321.75,8532.849609375,870700,0.0013251485516092274
2015-08-03 00:00:00+05:30,8510.650390625,8606.2998046875,8448.25,8564.599609375,755500,0.0037140085740305535
2015-08-10 00:00:00+05:30,8577.0,8621.5498046875,8337.9501953125,8518.5498046875,812900,-0.005391267747029088
2015-08-17 00:00:00+05:30,8530.5,8530.599609375,8225.0498046875,8299.9501953125,843900,-0.025996601416516878
2015-08-24 00:00:00+05:30,8055.9501953125,8091.7998046875,7667.25,8001.9501953125,1328700,-0.036564227834045844
2015-08-31 00:00:00+05:30,8009.25,8043.60009765625,7626.85009765625,7655.0498046875,947800,-0.04431975113299014
2015-09-07 00:00:00+05:30,7685.85009765625,7864.85009765625,7539.5,7789.2998046875,818700,0.01738543672457363
2015-09-14 00:00:00+05:30,7811.10009765625,8055.0,7761.85009765625,7981.89990234375,641100,0.024425494147599886
2015-09-21 00:00:00+05:30,7911.5,8021.60009765625,7723.25,7868.5,639400,-0.014309019066145342
2015-09-28 00:00:00+05:30,7892.7998046875,8008.25,7691.2001953125,7950.89990234375,744600,0.010417670464722922
2015-10-05 00:00:00+05:30,8005.10009765625,8232.2001953125,8005.10009765625,8189.7001953125,926900,0.029592173482500293
2015-10-12 00:00:00+05:30,8231.5,8246.400390625,8088.60009765625,8238.150390625,807500,0.005898560561691966
2015-10-19 00:00:00+05:30,8262.5498046875,8328.099609375,8217.150390625,8295.4501953125,576400,0.006931343695710758
2015-10-26 00:00:00+05:30,8333.650390625,8336.2998046875,8044.39990234375,8065.7998046875,896500,-0.028074318772178166
2015-11-02 00:00:00+05:30,8054.5498046875,8116.10009765625,7926.14990234375,7954.2998046875,742300,-0.01392023809930948
2015-11-09 00:00:00+05:30,7788.25,7937.75,7730.89990234375,7762.25,559600,-0.0244403977701139
2015-11-16 00:00:00+05:30,7732.9501953125,7906.9501953125,7714.14990234375,7856.5498046875,722600,0.012075313303228604
2015-11-23 00:00:00+05:30,7869.5,7959.2998046875,7812.64990234375,7942.7001953125,627700,0.010905738498006558
2015-11-30 00:00:00+05:30,7936.25,7979.2998046875,7775.7001953125,7781.89990234375,759400,-0.020452780659448683
2015-12-07 00:00:00+05:30,7816.5498046875,7825.39990234375,7575.2998046875,7610.4501953125,721300,-0.022278183254438477
2015-12-14 00:00:00+05:30,7558.2001953125,7852.89990234375,7551.0498046875,7761.9501953125,804800,0.019711287940872995
2015-12-21 00:00:00+05:30,7745.64990234375,7888.75,7733.4501953125,7861.0498046875,463400,0.012686544009693698
2015-12-28 00:00:00+05:30,7863.2001953125,7955.5498046875,7863.0,7946.35009765625,493600,0.010792555571484655
2016-01-04 00:00:00+05:30,7924.5498046875,7937.5498046875,7556.60009765625,7601.35009765625,773300,-0.04438684008736954
2016-01-11 00:00:00+05:30,7527.4501953125,7605.10009765625,7425.7998046875,7437.7998046875,966400,-0.021750796010559664
2016-01-18 00:00:00+05:30,7420.35009765625,7470.89990234375,7241.5,7422.4501953125,1117400,-0.002065862261277056
2016-01-25 00:00:00+05:30,7468.75,7575.64990234375,7402.7998046875,7563.5498046875,924000,0.01883141319951181
2016-02-01 00:00:00+05:30,7589.5,7600.4501953125,7350.2998046875,7489.10009765625,1095100,-0.009891987736033855
2016-02-08 00:00:00+05:30,7489.7001953125,7512.5498046875,6869.0,6980.9501953125,1256700,-0.07026360449260236
2016-02-15 00:00:00+05:30,7057.35009765625,7226.85009765625,6960.64990234375,7210.75,1307000,0.03238792943545045
2016-02-22 00:00:00+05:30,7208.85009765625,7252.39990234375,6961.39990234375,7029.75,1038300,-0.02542182476575769
2016-02-29 00:00:00+05:30,7050.4501953125,7505.89990234375,6825.7998046875,7485.35009765625,1647300,0.06279664669915827
2016-03-07 00:00:00+05:30,7486.39990234375,7547.10009765625,7424.2998046875,7510.2001953125,925500,0.0033143325744674585
2016-03-14 00:00:00+05:30,7542.60009765625,7613.60009765625,7405.14990234375,7604.35009765625,1033000,0.012458342228972625
2016-03-21 00:00:00+05:30,7619.2001953125,7728.2001953125,7617.7001953125,7716.5,605300,0.014640428543582834
2016-03-28 00:00:00+05:30,7741.0,7777.60009765625,7582.25,7713.0498046875,1255800,-0.00044721918833389373
2016-04-04 00:00:00+05:30,7733.14990234375,7764.4501953125,7526.7001953125,7555.2001953125,902700,-0.020677580409958544
2016-04-11 00:00:00+05:30,7577.7998046875,7864.7998046875,7516.85009765625,7850.4501953125,563600,0.03833478611076557
2016-04-18 00:00:00+05:30,7908.14990234375,7978.4501953125,7842.75,7899.2998046875,796900,0.006203243355639629
2016-04-25 00:00:00+05:30,7894.7998046875,7992.0,7788.7001953125,7849.7998046875,1091700,-0.006286094345320904
2016-05-02 00:00:00+05:30,7822.7001953125,7890.25,7678.35009765625,7733.4501953125,881200,-0.014932927528740092
2016-05-09 00:00:00+05:30,7755.25,7916.0498046875,7753.5498046875,7814.89990234375,868900,0.01047705403729928
2016-05-16 00:00:00+05:30,7831.2001953125,7940.10009765625,7735.75,7749.7001953125,872400,-0.008377997248914526
2016-05-23 00:00:00+05:30,7813.9501953125,8164.2001953125,7715.7998046875,8156.64990234375,1020400,0.05117937535225545
2016-05-30 00:00:00+05:30,8166.5,8262.0,8134.2998046875,8220.7998046875,1473500,0.007833970681653623
2016-06-06 00:00:00+05:30,8228.75,8294.9501953125,8162.85009765625,8170.0498046875,944900,-0.0061924992767822575
2016-06-13 00:00:00+05:30,8102.25,8213.2001953125,8063.89990234375,8170.2001953125,840800,1.8407383608476153e-05
2016-06-20 00:00:00+05:30,8115.75,8285.599609375,7927.0498046875,8088.60009765625,893400,-0.010037737265665385
2016-06-27 00:00:00+05:30,8039.35009765625,8356.75,8039.35009765625,8328.349609375,924800,0.029209635407471953
2016-07-04 00:00:00+05:30,8376.75,8398.4501953125,8287.5498046875,8323.2001953125,586600,-0.0006184906854977728
2016-07-11 00:00:00+05:30,8413.349609375,8594.7998046875,8407.0498046875,8541.400390625,904500,0.02587815478583253
2016-07-18 00:00:00+05:30,8564.0498046875,8587.099609375,8476.7001953125,8541.2001953125,785700,-2.343850533793273e-05
2016-07-25 00:00:00+05:30,8519.9501953125,8674.7001953125,8517.2001953125,8638.5,879400,0.011327420613975174
2016-08-01 00:00:00+05:30,8654.2998046875,8711.2998046875,8518.150390625,8683.150390625,843400,0.0051554544184701755
2016-08-08 00:00:00+05:30,8712.849609375,8728.349609375,8540.0498046875,8592.150390625,735500,-0.010535369873484543
2016-08-15 00:00:00+05:30,8670.25,8696.599609375,8600.4501953125,8666.900390625,755100,0.008662175961091282
2016-08-22 00:00:00+05:30,8667.0,8684.849609375,8547.5498046875,8572.5498046875,850000,-0.010946001980067954
2016-08-29 00:00:00+05:30,8583.75,8824.099609375,8543.75,8809.650390625,1072500,0.027282540758505204
2016-09-05 00:00:00+05:30,8852.7001953125,8968.7001953125,8848.4501953125,8866.7001953125,878800,0.006454952621401805
2016-09-12 00:00:00+05:30,8732.9501953125,8847.650390625,8688.900390625,8779.849609375,780000,-0.009843429811068784
2016-09-19 00:00:00+05:30,8788.4501953125,8893.349609375,8757.2998046875,8831.5498046875,775700,0.005871236306871007
2016-09-26 00:00:00+05:30,8807.900390625,8809.5498046875,8555.2001953125,8611.150390625,1035500,-0.025272594529804345
2016-10-03 00:00:00+05:30,8666.150390625,8806.9501953125,8635.0,8697.599609375,792800,0.009989160118203232
2016-10-10 00:00:00+05:30,8735.349609375,8745.7998046875,8541.349609375,8583.400390625,483500,-0.013216929711698987
2016-10-17 00:00:00+05:30,8612.9501953125,8727.0,8506.150390625,8693.0498046875,904400,0.012693682455891777
2016-10-24 00:00:00+05:30,8709.849609375,8736.9501953125,8550.25,8638.0,984500,-0.006352758828500439
2016-10-31 00:00:00+05:30,8653.150390625,8669.599609375,8400.25,8433.75,715600,-0.023929561579011348
2016-11-07 00:00:00+05:30,8535.75,8598.4501953125,8002.25,8296.2998046875,1212800,-0.016431904222436962
2016-11-14 00:00:00+05:30,8284.849609375,8288.5498046875,8048.2998046875,8074.10009765625,981200,-0.02714818885328089
2016-11-21 00:00:00+05:30,8102.10009765625,8122.25,7916.39990234375,8114.2998046875,1048400,0.00496649327968223
2016-11-28 00:00:00+05:30,8080.64990234375,8250.7998046875,8066.5,8086.7998046875,956600,-0.0033948345574413914
2016-12-05 00:00:00+05:30,8088.75,8274.9501953125,8056.85009765625,8261.75,703800,0.021403350893551328
2016-12-12 00:00:00+05:30,8230.650390625,8230.650390625,8121.9501953125,8139.4501953125,821500,-0.014913795339696282
2016-12-19 00:00:00+05:30,8126.0,8132.5,7942.0498046875,7985.75,605800,-0.019063930792222412
2016-12-26 00:00:00+05:30,7965.10009765625,8197.0,7893.7998046875,8185.7998046875,658500,0.024742218587176398
2017-01-02 00:00:00+05:30,8210.099609375,8306.849609375,8133.7998046875,8243.7998046875,676500,0.007060457019126335
2017-01-09 00:00:00+05:30,8259.349609375,8461.0498046875,8227.75,8400.349609375,786400,0.01881194617290697
2017-01-16 00:00:00+05:30,8390.9501953125,8460.2998046875,8340.9501953125,8349.349609375,778400,-0.00608968041058243
2017-01-23 00:00:00+05:30,8329.599609375,8672.7001953125,8327.2001953125,8641.25,942100,0.03436360354105662
2017-01-30 00:00:00+05:30,8635.5498046875,8757.599609375,8537.5,8740.9501953125,1627900,0.011471653479874937
2017-02-06 00:00:00+05:30,8785.4501953125,8822.099609375,8715.0,8793.5498046875,1052800,0.0059995742281033215
2017-02-13 00:00:00+05:30,8819.7998046875,8896.4501953125,8712.849609375,8821.7001953125,1092200,0.0031961413648702655
2017-02-20 00:00:00+05:30,8818.5498046875,8982.150390625,8809.7998046875,8939.5,967800,0.013265041859551562
2017-02-27 00:00:00+05:30,8943.7001953125,8992.5,8860.099609375,8897.5498046875,1110800,-0.004703723218529353
2017-03-06 00:00:00+05:30,8915.099609375,8977.849609375,8891.9501953125,8934.5498046875,850200,0.00414982575341632
2017-03-13 00:00:00+05:30,9091.650390625,9218.400390625,9060.5,9160.0498046875,1006200,0.024925854119591362
2017-03-20 00:00:00+05:30,9166.9501953125,9167.599609375,9019.2998046875,9108.0,1207600,-0.005698467662722751
2017-03-27 00:00:00+05:30,9093.4501953125,9191.7001953125,9024.650390625,9173.75,1143700,0.007192996675642226
2017-04-03 00:00:00+05:30,9220.599609375,9273.900390625,9188.099609375,9198.2998046875,700000,0.00267251826121038
2017-04-10 00:00:00+05:30,9225.599609375,9246.400390625,9144.9501953125,9150.7998046875,664200,-0.00517737732261729
2017-04-17 00:00:00+05:30,9144.75,9217.900390625,9075.150390625,9119.400390625,673400,-0.0034372305328895084
2017-04-24 00:00:00+05:30,9135.349609375,9367.150390625,9130.5498046875,9304.0498046875,893700,0.020045712959555595
2017-05-01 00:00:00+05:30,9339.849609375,9377.099609375,9269.900390625,9285.2998046875,814700,-0.0020172848165748223
2017-05-08 00:00:00+05:30,9311.4501953125,9450.650390625,9297.9501953125,9400.900390625,784700,0.012372987499631711
2017-05-15 00:00:00+05:30,9433.5498046875,9532.599609375,9390.75,9427.900390625,958200,0.0028679488216189312
2017-05-22 00:00:00+05:30,9480.25,9604.900390625,9341.650390625,9595.099609375,1141000,0.017579091042239505
2017-05-29 00:00:00+05:30,9560.0498046875,9673.5,9547.7001953125,9653.5,1181500,0.0060680331044243065
2017-06-05 00:00:00+05:30,9656.2998046875,9709.2998046875,9608.150390625,9668.25,748700,0.0015267771154523603
2017-06-12 00:00:00+05:30,9646.7001953125,9654.150390625,9560.7998046875,9588.0498046875,837200,-0.00832980996915719
2017-06-19 00:00:00+05:30,9626.400390625,9698.849609375,9565.2998046875,9574.9501953125,819200,-0.0013671775207905355
2017-06-26 00:00:00+05:30,9594.0498046875,9615.400390625,9448.75,9520.900390625,814600,-0.005660910341098509
2017-07-03 00:00:00+05:30,9587.9501953125,9700.7001953125,9543.5498046875,9665.7998046875,747800,0.015104438741991449
2017-07-10 00:00:00+05:30,9719.2998046875,9913.2998046875,9646.4501953125,9886.349609375,703600,0.022561116427445276
2017-07-17 00:00:00+05:30,9908.150390625,9928.2001953125,9792.0498046875,9915.25,1006200,0.0029189976280410788
2017-07-24 00:00:00+05:30,9936.7998046875,10114.849609375,9919.599609375,10014.5,1037100,0.009960066783531757
2017-07-31 00:00:00+05:30,10034.7001953125,10137.849609375,9988.349609375,10066.400390625,954800,0.005169141341305993
2017-08-07 00:00:00+05:30,10074.7998046875,10088.099609375,9685.5498046875,9710.7998046875,1031300,-0.03596453601455712
2017-08-14 00:00:00+05:30,9755.75,9947.7998046875,9752.099609375,9837.400390625,859000,0.012952840129866519
2017-08-21 00:00:00+05:30,9864.25,9884.349609375,9740.099609375,9857.0498046875,742200,0.001995427177455787
2017-08-28 00:00:00+05:30,9907.150390625,9983.4501953125,9783.75,9974.400390625,976200,0.01183493436041536
2017-09-04 00:00:00+05:30,9984.150390625,9988.400390625,9861.0,9934.7998046875,789600,-0.003978124462442999
2017-09-11 00:00:00+05:30,9971.75,10131.9501953125,9968.7998046875,10085.400390625,1062800,0.015045146925803048
2017-09-18 00:00:00+05:30,10133.099609375,10178.9501953125,9952.7998046875,9964.400390625,961400,-0.012070091900500885
2017-09-25 00:00:00+05:30,9960.099609375,9960.5,9687.5498046875,9788.599609375,1193700,-0.01780037697045736
2017-10-02 00:00:00+05:30,9893.2998046875,9989.349609375,9831.0498046875,9979.7001953125,662600,0.019334645976258044
2017-10-09 00:00:00+05:30,9988.2001953125,10191.900390625,9955.7998046875,10167.4501953125,913200,0.018638411044737273
2017-10-16 00:00:00+05:30,10207.400390625,10251.849609375,10123.349609375,10146.5498046875,683100,-0.0020577333858243746
2017-10-23 00:00:00+05:30,10176.650390625,10366.150390625,10124.5,10323.0498046875,1771900,0.01724551312370603
2017-10-30 00:00:00+05:30,10353.849609375,10461.7001953125,10323.9501953125,10452.5,1131200,0.01246194414366756
2017-11-06 00:00:00+05:30,10431.75,10490.4501953125,10254.099609375,10321.75,1274600,-0.012587864927740618
2017-11-13 00:00:00+05:30,10322.0,10343.599609375,10094.0,10283.599609375,1108600,-0.0037029640303341527
2017-11-20 00:00:00+05:30,10287.2001953125,10404.5,10261.5,10389.7001953125,773100,0.010264594285205804
2017-11-27 00:00:00+05:30,10361.0498046875,10409.5498046875,10108.5498046875,10121.7998046875,976300,-0.02612345521618129
2017-12-04 00:00:00+05:30,10175.0498046875,10270.849609375,10033.349609375,10265.650390625,836400,0.01411191412612173
2017-12-11 00:00:00+05:30,10310.5,10373.099609375,10141.5498046875,10333.25,913500,0.006563442782734604
2017-12-18 00:00:00+05:30,10263.099609375,10501.099609375,10074.7998046875,10493.0,865400,0.015341516907384799
2017-12-25 00:00:00+05:30,10512.2998046875,10552.400390625,10460.4501953125,10530.7001953125,745700,0.003586451040735902
2018-01-01 00:00:00+05:30,10477.5498046875,10566.099609375,10404.650390625,10558.849609375,676500,0.00266951462122005
2018-01-08 00:00:00+05:30,10591.7001953125,10690.400390625,10588.5498046875,10681.25,879400,0.011525534044033954
2018-01-15 00:00:00+05:30,10718.5,10906.849609375,10666.75,10894.7001953125,1159200,0.019786582496229603
2018-01-22 00:00:00+05:30,10883.2001953125,11110.099609375,10881.400390625,11069.650390625,1129900,0.015930714147814367
2018-01-29 00:00:00+05:30,11079.349609375,11171.5498046875,10736.099609375,10760.599609375,1304500,-0.02831588556644737
2018-02-05 00:00:00+05:30,10604.2998046875,10702.75,10276.2998046875,10454.9501953125,1180800,-0.02881570980962246
2018-02-12 00:00:00+05:30,10518.2001953125,10618.099609375,10434.0498046875,10452.2998046875,841500,-0.00025353794872087245
2018-02-19 00:00:00+05:30,10488.900390625,10499.099609375,10302.75,10491.0498046875,1133300,0.00370046290981064
2018-02-26 00:00:00+05:30,10526.5498046875,10631.650390625,10447.150390625,10458.349609375,821400,-0.0031218290533001967
2018-03-05 00:00:00+05:30,10428.2998046875,10441.349609375,10141.5498046875,10226.849609375,1079300,-0.022384088595026375
2018-03-12 00:00:00+05:30,10301.599609375,10478.599609375,10180.25,10195.150390625,1166900,-0.0031044211348788316
2018-03-19 00:00:00+05:30,10215.349609375,10227.2998046875,9951.900390625,9998.0498046875,1134200,-0.019522100883608298
2018-03-26 00:00:00+05:30,9989.150390625,10207.900390625,9958.5498046875,10113.7001953125,832700,0.011500905230676975
2018-04-02 00:00:00+05:30,10151.650390625,10350.4501953125,10111.2998046875,10331.599609375,1098800,0.021316162327847374
2018-04-09 00:00:00+05:30,10333.7001953125,10519.900390625,10328.5,10480.599609375,1175400,0.014318769888681864
2018-04-16 00:00:00+05:30,10398.2998046875,10594.2001953125,10396.349609375,10564.0498046875,1113700,0.007930817099713857
2018-04-23 00:00:00+05:30,10592.7998046875,10719.7998046875,10514.9501953125,10692.2998046875,937700,0.012067128986851586
2018-04-30 00:00:00+05:30,10705.75,10784.650390625,10601.599609375,10618.25,775200,-0.006949619169769013
2018-05-07 00:00:00+05:30,10653.150390625,10812.0498046875,10635.650390625,10806.5,1048800,0.017573586133819246
2018-05-14 00:00:00+05:30,10815.150390625,10929.2001953125,10589.099609375,10596.400390625,1093900,-0.01963344728622012
2018-05-21 00:00:00+05:30,10616.7001953125,10628.0498046875,10417.7998046875,10605.150390625,1091000,0.0008254113660894948
2018-05-28 00:00:00+05:30,10648.349609375,10764.75,10558.4501953125,10696.2001953125,1528000,0.008548787442017676
2018-06-04 00:00:00+05:30,10765.9501953125,10818.0,10550.900390625,10767.650390625,991700,0.006657748473327295
2018-06-11 00:00:00+05:30,10781.849609375,10893.25,10755.400390625,10817.7001953125,1112800,0.00463739462404513
2018-06-18 00:00:00+05:30,10830.2001953125,10837.0,10701.2001953125,10821.849609375,1068000,0.00038350281321077143
2018-06-25 00:00:00+05:30,10822.900390625,10831.0498046875,10557.7001953125,10714.2998046875,1290700,-0.009987922790007124
2018-07-02 00:00:00+05:30,10732.349609375,10816.349609375,10604.650390625,10772.650390625,891900,0.005431271431817526
2018-07-09 00:00:00+05:30,10838.2998046875,11078.2998046875,10807.150390625,11018.900390625,851200,0.022601464665108612
2018-07-16 00:00:00+05:30,11018.9501953125,11076.2001953125,10925.599609375,11010.2001953125,1049300,-0.0007898820681223723
2018-07-23 00:00:00+05:30,11019.849609375,11283.400390625,11010.9501953125,11278.349609375,1320800,0.024062790526657846
2018-07-30 00:00:00+05:30,11296.650390625,11390.5498046875,11234.9501953125,11360.7998046875,1233300,0.007283892017114182
2018-08-06 00:00:00+05:30,11401.5,11495.2001953125,11359.7001953125,11429.5,942800,0.0060289161610908235
2018-08-13 00:00:00+05:30,11369.599609375,11486.4501953125,11340.2998046875,11470.75,1004800,0.003602584654227232
2018-08-20 00:00:00+05:30,11502.099609375,11620.7001953125,11499.650390625,11557.099609375,924100,0.007499615948664855
2018-08-27 00:00:00+05:30,11605.849609375,11760.2001953125,11595.599609375,11680.5,1353300,0.01062085178215558
2018-09-03 00:00:00+05:30,11751.7998046875,11751.7998046875,11393.849609375,11589.099609375,1279100,-0.007855817222023307
2018-09-10 00:00:00+05:30,11570.25,11573.0,11250.2001953125,11515.2001953125,831500,-0.006397048748310222
2018-09-17 00:00:00+05:30,11464.9501953125,11464.9501953125,10866.4501953125,11143.099609375,1411900,-0.03284748151943765
2018-09-24 00:00:00+05:30,11164.400390625,11170.150390625,10850.2998046875,10930.4501953125,1629300,-0.019267946914894085
2018-10-01 00:00:00+05:30,10930.900390625,11035.650390625,10261.900390625,10316.4501953125,1805300,-0.05781276273975637
2018-10-08 00:00:00+05:30,10310.150390625,10492.4501953125,10138.599609375,10472.5,1713700,0.015013046280461281
2018-10-15 00:00:00+05:30,10524.2001953125,10710.150390625,10249.599609375,10303.5498046875,1167000,-0.016264296746814323
2018-10-22 00:00:00+05:30,10405.849609375,10408.5498046875,10004.5498046875,10030.0,1315600,-0.026907875118394455
2018-10-29 00:00:00+05:30,10078.099609375,10606.9501953125,10020.349609375,10553.0,1798900,0.05082957771510906
2018-11-05 00:00:00+05:30,10558.75,10619.5498046875,10477.0,10585.2001953125,629700,0.0030466378331011866
2018-11-12 00:00:00+05:30,10607.7998046875,10695.150390625,10440.5498046875,10682.2001953125,1241600,0.009122005589734817
2018-11-19 00:00:00+05:30,10731.25,10774.7001953125,10512.0,10526.75,1107700,-0.014659186580950709
2018-11-26 00:00:00+05:30,10568.2998046875,10922.4501953125,10489.75,10876.75,1569700,0.03270784703797904
2018-12-03 00:00:00+05:30,10930.7001953125,10941.2001953125,10588.25,10693.7001953125,1688400,-0.016972682285410812
2018-12-10 00:00:00+05:30,10508.7001953125,10838.599609375,10333.849609375,10805.4501953125,1883600,0.010395853269053425
2018-12-17 00:00:00+05:30,10853.2001953125,10985.150390625,10738.650390625,10754.0,1591500,-0.00477287616497358
2018-12-24 00:00:00+05:30,10780.900390625,10893.599609375,10534.5498046875,10859.900390625,1188700,0.00979936394226077
2018-12-31 00:00:00+05:30,10913.2001953125,10923.5498046875,10628.650390625,10727.349609375,1073400,-0.012280623712500091
2019-01-07 00:00:00+05:30,10804.849609375,10870.400390625,10733.25,10794.9501953125,1395300,0.006281931657778157
2019-01-14 00:00:00+05:30,10807.0,10930.650390625,10692.349609375,10906.9501953125,1481500,0.010321768356259017
2019-01-21 00:00:00+05:30,10919.349609375,10987.4501953125,10756.4501953125,10780.5498046875,1713000,-0.011656652160885184
2019-01-28 00:00:00+05:30,10792.4501953125,10983.4501953125,10583.650390625,10893.650390625,2273800,0.010436520056262884
2019-02-04 00:00:00+05:30,10876.75,11118.099609375,10814.150390625,10943.599609375,1501200,0.004574688283594469
2019-02-11 00:00:00+05:30,10930.900390625,10930.900390625,10620.400390625,10724.400390625,2049200,-0.020233219193098322
2019-02-18 00:00:00+05:30,10738.650390625,10808.849609375,10585.650390625,10791.650390625,1602500,0.006251167528663671
2019-02-25 00:00:00+05:30,10813.25,10939.7001953125,10729.2998046875,10863.5,2134700,0.006635823047337118
2019-03-04 00:00:00+05:30,10864.849609375,11089.0498046875,10817.0,11035.400390625,1393600,0.015699776556895664
2019-03-11 00:00:00+05:30,11068.75,11487.0,11059.849609375,11426.849609375,1884700,0.03485749233859214
2019-03-18 00:00:00+05:30,11473.849609375,11572.7998046875,11412.5,11456.900390625,1398900,0.0026263875915413593
2019-03-25 00:00:00+05:30,11395.650390625,11630.349609375,11311.599609375,11623.900390625,1871500,0.014471154265547417
2019-04-01 00:00:00+05:30,11665.2001953125,11761.0,11559.2001953125,11665.9501953125,1747200,0.0036110021594278298
2019-04-08 00:00:00+05:30,11704.349609375,11710.2998046875,11549.099609375,11643.4501953125,1447100,-0.0019305521901999121
2019-04-15 00:00:00+05:30,11667.0,11856.150390625,11648.25,11752.7998046875,984000,0.009347686540736496
2019-04-22 00:00:00+05:30,11727.0498046875,11796.75,11564.7998046875,11754.650390625,1806000,0.00015744676057569465
2019-04-29 00:00:00+05:30,11748.75,11789.2998046875,11655.900390625,11712.25,1218400,-0.0036136375967191743
2019-05-06 00:00:00+05:30,11605.7998046875,11657.0498046875,11251.0498046875,11278.900390625,1769600,-0.03770154440205032
2019-05-13 00:00:00+05:30,11258.7001953125,11426.150390625,11108.2998046875,11407.150390625,1932700,0.011306627805955226
2019-05-20 00:00:00+05:30,11651.900390625,12041.150390625,11591.7001953125,11844.099609375,2132600,0.037589434293234074
2019-05-27 00:00:00+05:30,11855.5,12039.25,11812.400390625,11922.7998046875,2124900,0.006622696683410818
2019-06-03 00:00:00+05:30,11953.75,12103.0498046875,11769.5,11870.650390625,1322200,-0.004383517072102596
2019-06-10 00:00:00+05:30,11934.900390625,12000.349609375,11797.7001953125,11823.2998046875,1757400,-0.00399685561774718
2019-06-17 00:00:00+05:30,11844.0,11844.0498046875,11625.099609375,11724.099609375,2018300,-0.008425625303997647
2019-06-24 00:00:00+05:30,11725.7998046875,11911.150390625,11651.0,11788.849609375,1690100,0.005507617362153446
2019-07-01 00:00:00+05:30,11839.900390625,11981.75,11797.900390625,11811.150390625,1846400,0.0018898972786155117
2019-07-08 00:00:00+05:30,11770.400390625,11771.900390625,11461.0,11552.5,1920800,-0.022142169884743462
2019-07-15 00:00:00+05:30,11614.75,11706.650390625,11399.2998046875,11419.25,2258100,-0.011601335946760414
2019-07-22 00:00:00+05:30,11392.849609375,11398.150390625,11210.0498046875,11284.2998046875,2464500,-0.011888166020615222
2019-07-29 00:00:00+05:30,11307.5,11310.9501953125,10848.9501953125,10997.349609375,2546000,-0.025758062630625182
2019-08-05 00:00:00+05:30,10895.7998046875,11181.4501953125,10782.599609375,11109.650390625,2593600,0.01015983600157836
2019-08-12 00:00:00+05:30,11139.400390625,11145.900390625,10901.599609375,11047.7998046875,1607000,-0.0055828397256289086
2019-08-19 00:00:00+05:30,11094.7998046875,11146.900390625,10637.150390625,10829.349609375,2707400,-0.019971290766690682
2019-08-26 00:00:00+05:30,11000.2998046875,11141.75,10756.5498046875,11023.25,3197800,0.017746673901672314
2019-09-02 00:00:00+05:30,10960.9501953125,10967.5,10746.349609375,10946.2001953125,2084700,-0.007014296662751796
2019-09-09 00:00:00+05:30,10936.7001953125,11084.4501953125,10889.7998046875,11075.900390625,2275300,0.011779230093353622
2019-09-16 00:00:00+05:30,10994.849609375,11381.900390625,10670.25,11274.2001953125,3435100,0.01774533475264984
2019-09-23 00:00:00+05:30,11542.7001953125,11694.849609375,11416.099609375,11512.400390625,3658100,0.02090780250539755
2019-09-30 00:00:00+05:30,11491.150390625,11554.2001953125,11158.349609375,11174.75,4008200,-0.029767980379127132
2019-10-07 00:00:00+05:30,11196.2001953125,11362.900390625,11090.150390625,11305.0498046875,2774100,0.011592742380604896
2019-10-14 00:00:00+05:30,11335.900390625,11684.7001953125,11290.0498046875,11661.849609375,3299500,0.031073285668157927
2019-10-21 00:00:00+05:30,11657.150390625,11714.349609375,11490.75,11583.900390625,3044300,-0.0067065602027139145
2019-10-28 00:00:00+05:30,11643.9501953125,11945.0,11627.349609375,11890.599609375,3947000,0.026131902420722424
2019-11-04 00:00:00+05:30,11928.900390625,12034.150390625,11850.25,11908.150390625,3410800,0.001474933299581274
2019-11-11 00:00:00+05:30,11879.2001953125,11973.650390625,11802.650390625,11895.4501953125,2347700,-0.0010670819712130365
2019-11-18 00:00:00+05:30,11915.150390625,12038.599609375,11867.599609375,11914.400390625,2819500,0.0015917948956003854
2019-11-25 00:00:00+05:30,11922.4501953125,12158.7998046875,11919.75,12056.0498046875,3744700,0.011818807052286526
2019-12-02 00:00:00+05:30,12137.0498046875,12137.150390625,11888.849609375,11921.5,3245300,-0.011223099781438465
2019-12-09 00:00:00+05:30,11939.099609375,12098.849609375,11832.2998046875,12086.7001953125,3597300,0.013762198027659172
2019-12-16 00:00:00+05:30,12131.349609375,12293.900390625,12046.2998046875,12271.7998046875,2890000,0.01519824064050025
2019-12-23 00:00:00+05:30,12235.4501953125,12287.150390625,12118.849609375,12245.7998046875,1979200,-0.0021209262048993652
2019-12-30 00:00:00+05:30,12274.900390625,12289.900390625,12151.7998046875,12226.650390625,1978600,-0.0015649775823829194
2020-01-06 00:00:00+05:30,12170.599609375,12311.2001953125,11929.599609375,12256.7998046875,2428400,0.0024628415571728403
2020-01-13 00:00:00+05:30,12296.7001953125,12389.0498046875,12278.75,12352.349609375,2699500,0.007765427665293363
2020-01-20 00:00:00+05:30,12430.5,12430.5,12087.900390625,12248.25,1953400,-0.008463227106842892
2020-01-27 00:00:00+05:30,12197.099609375,12216.599609375,11945.849609375,11962.099609375,2743500,-0.023639783904570437
2020-02-03 00:00:00+05:30,11627.4501953125,12160.599609375,11614.5,12098.349609375,3026800,0.011325761642249823
2020-02-10 00:00:00+05:30,12102.349609375,12246.7001953125,11990.75,12113.4501953125,2540400,0.0012473742569559746
2020-02-17 00:00:00+05:30,12131.7998046875,12159.599609375,11908.0498046875,12080.849609375,1693100,-0.0026948997020599668
2020-02-24 00:00:00+05:30,12012.5498046875,12012.5498046875,11175.0498046875,11201.75,2937900,-0.07555150584011157
2020-03-02 00:00:00+05:30,11387.349609375,11433.0,10827.400390625,10989.4501953125,5338500,-0.01913427665525473
2020-03-09 00:00:00+05:30,10742.0498046875,10751.5498046875,8555.150390625,9955.2001953125,5515500,-0.09884069209970991
2020-03-16 00:00:00+05:30,9587.7998046875,9602.2001953125,7832.5498046875,8745.4501953125,5347100,-0.12956145988464748
2020-03-23 00:00:00+05:30,7945.7001953125,9038.900390625,7511.10009765625,8660.25,3795900,-0.009789996937739154
2020-03-30 00:00:00+05:30,8385.9501953125,8678.2998046875,8055.7998046875,8083.7998046875,2509300,-0.06888155567119437
2020-04-06 00:00:00+05:30,8446.2998046875,9131.7001953125,8360.9501953125,9111.900390625,2452800,0.11971925956861035
2020-04-13 00:00:00+05:30,9103.9501953125,9324.0,8821.900390625,9266.75,2926700,0.016851430378448266
2020-04-20 00:00:00+05:30,9390.2001953125,9390.849609375,8909.400390625,9154.400390625,3442000,-0.01219804410169747
2020-04-27 00:00:00+05:30,9259.7001953125,9889.0498046875,9250.349609375,9859.900390625,2711500,0.07424138550072043
2020-05-04 00:00:00+05:30,9533.5,9533.5,9116.5,9251.5,3452700,-0.06369036565319124
2020-05-11 00:00:00+05:30,9348.150390625,9584.5,9043.9501953125,9136.849609375,3535000,-0.012470056177598457
2020-05-18 00:00:00+05:30,9158.2998046875,9178.5498046875,8806.75,9039.25,3464800,-0.010739438001473096
2020-05-25 00:00:00+05:30,9099.75,9598.849609375,8996.650390625,9580.2998046875,3223400,0.05813267998509059
2020-06-01 00:00:00+05:30,9726.849609375,10177.7998046875,9706.9501953125,10142.150390625,4121300,0.05699115941506417
2020-06-08 00:00:00+05:30,10326.75,10328.5,9544.349609375,9972.900390625,3834900,-0.01682859229570864
2020-06-15 00:00:00+05:30,9919.349609375,10272.400390625,9726.349609375,10244.400390625,3816400,0.026859799487703406
2020-06-22 00:00:00+05:30,10318.75,10553.150390625,10194.5,10383.0,3875500,0.013438600368605329
2020-06-29 00:00:00+05:30,10311.9501953125,10631.2998046875,10223.599609375,10607.349609375,2826900,0.021377266909145532
2020-07-06 00:00:00+05:30,10723.849609375,10847.849609375,10676.5498046875,10768.0498046875,3185300,0.015036277910795143
2020-07-13 00:00:00+05:30,10851.849609375,10933.4501953125,10562.900390625,10901.7001953125,3173700,0.012335360151364867
2020-07-20 00:00:00+05:30,10999.4501953125,11239.7998046875,10953.0,11194.150390625,3391900,0.02647259701795731
2020-07-27 00:00:00+05:30,11225.0,11341.400390625,11026.650390625,11073.4501953125,3193100,-0.010840986389339396
2020-08-03 00:00:00+05:30,11057.5498046875,11256.7998046875,10882.25,11214.0498046875,3027200,0.012617070065856818
2020-08-10 00:00:00+05:30,11270.25,11373.599609375,11111.4501953125,11178.400390625,2895500,-0.0031840592583713538
2020-08-17 00:00:00+05:30,11248.900390625,11460.349609375,11144.5,11371.599609375,3299700,0.017135604978622876
2020-08-24 00:00:00+05:30,11412.0,11686.0498046875,11410.650390625,11647.599609375,3441300,0.023981131961034602
2020-08-31 00:00:00+05:30,11777.5498046875,11794.25,11303.650390625,11333.849609375,4037500,-0.027306327989490564
2020-09-07 00:00:00+05:30,11359.599609375,11493.5,11185.150390625,11464.4501953125,3095600,0.011457171427671213
2020-09-14 00:00:00+05:30,11540.150390625,11618.099609375,11383.5498046875,11504.9501953125,2441000,0.0035264344111605684
2020-09-21 00:00:00+05:30,11503.7998046875,11535.25,10790.2001953125,11050.25,3255700,-0.04032434237550222
2020-09-28 00:00:00+05:30,11140.849609375,11428.599609375,11099.849609375,11416.9501953125,1918100,0.03264605821544043
2020-10-05 00:00:00+05:30,11487.7998046875,11938.599609375,11452.2998046875,11914.2001953125,2825300,0.04263187207449515
2020-10-12 00:00:00+05:30,11973.5498046875,12025.4501953125,11661.2998046875,11762.4501953125,2714800,-0.01281871172197282
2020-10-19 00:00:00+05:30,11879.2001953125,12018.650390625,11775.75,11930.349609375,2665900,0.014173270031025784
2020-10-26 00:00:00+05:30,11937.400390625,11942.849609375,11535.4501953125,11642.400390625,2948800,-0.024431900572301275
2020-11-02 00:00:00+05:30,11697.349609375,12280.400390625,11557.400390625,12263.5498046875,3119300,0.05197779204185079
2020-11-09 00:00:00+05:30,12399.400390625,12769.75,12367.349609375,12719.9501953125,3417300,0.03654021023069631
2020-11-16 00:00:00+05:30,12932.5,12963.0,12730.25,12859.0498046875,2871800,0.010876185977807727
2020-11-23 00:00:00+05:30,12960.2998046875,13145.849609375,12790.400390625,12968.9501953125,3596200,0.008510225639549736
2020-11-30 00:00:00+05:30,13062.2001953125,13280.0498046875,12962.7998046875,13258.5498046875,2655500,0.02208455855565696
2020-12-07 00:00:00+05:30,13264.849609375,13579.349609375,13241.9501953125,13513.849609375,2978600,0.019072443947965468
2020-12-14 00:00:00+05:30,13571.4501953125,13773.25,13447.0498046875,13760.5498046875,2453600,0.01809073188052194
2020-12-21 00:00:00+05:30,13741.900390625,13777.5,13131.4501953125,13749.25,2313600,-0.0008215112725812462
2020-12-28 00:00:00+05:30,13815.150390625,14049.849609375,13811.5498046875,14018.5,2034400,0.01939360869796141
2021-01-04 00:00:00+05:30,14104.349609375,14367.2998046875,13953.75,14347.25,2792500,0.023180400341792275
2021-01-11 00:00:00+05:30,14474.0498046875,14653.349609375,14357.849609375,14433.7001953125,3886300,0.006007477496267112
2021-01-18 00:00:00+05:30,14453.2998046875,14753.5498046875,14222.7998046875,14371.900390625,3412600,-0.004290825273396735
2021-01-25 00:00:00+05:30,14477.7998046875,14491.099609375,13596.75,13634.599609375,2670400,-0.05266428748226552
2021-02-01 00:00:00+05:30,13758.599609375,15014.650390625,13661.75,14924.25,4475300,0.09037675580901165
2021-02-08 00:00:00+05:30,15064.2998046875,15257.099609375,14977.2001953125,15163.2998046875,3081200,0.01589061498569505
2021-02-15 00:00:00+05:30,15270.2998046875,15431.75,14898.2001953125,14981.75,3092100,-0.012045228049671541
2021-02-22 00:00:00+05:30,14999.0498046875,15176.5,14467.75,14529.150390625,3665300,-0.03067579059503032
2021-03-01 00:00:00+05:30,14702.5,15273.150390625,14638.5498046875,14938.099609375,2848800,0.027757966998740502
2021-03-08 00:00:00+05:30,15002.4501953125,15336.2998046875,14919.900390625,15030.9501953125,1573100,0.006196451581444923
2021-03-15 00:00:00+05:30,15048.400390625,15051.599609375,14350.099609375,14744.0,1929100,-0.019275201313404437
2021-03-22 00:00:00+05:30,14736.2998046875,14878.599609375,14264.400390625,14507.2998046875,2477400,-0.016184262815745743
2021-03-29 00:00:00+05:30,14628.5,14883.2001953125,14617.599609375,14867.349609375,1503400,0.024515549601357906
2021-04-05 00:00:00+05:30,14837.7001953125,14984.150390625,14459.5,14834.849609375,2003900,-0.0021883910165036774
2021-04-12 00:00:00+05:30,14644.650390625,14697.7001953125,14248.7001953125,14617.849609375,2400500,-0.014735758175202987
2021-04-19 00:00:00+05:30,14306.599609375,14526.9501953125,14151.400390625,14341.349609375,2002400,-0.019096412199316737
2021-04-26 00:00:00+05:30,14449.4501953125,15044.349609375,14421.2998046875,14631.099609375,2492900,0.02000242771510685
2021-05-03 00:00:00+05:30,14481.0498046875,14863.0498046875,14416.25,14823.150390625,2364000,0.013040800764691293
2021-05-10 00:00:00+05:30,14928.25,14966.900390625,14591.900390625,14677.7998046875,2433900,-0.009854039353113313
2021-05-17 00:00:00+05:30,14756.25,15190.0,14725.349609375,15175.2998046875,2752600,0.03333295834842994
2021-05-24 00:00:00+05:30,15211.349609375,15469.650390625,15145.4501953125,15435.650390625,1873400,0.017010701219812758
2021-05-31 00:00:00+05:30,15437.75,15733.599609375,15374.0,15670.25,2098600,0.015084215835955954
2021-06-07 00:00:00+05:30,15725.099609375,15835.5498046875,15566.900390625,15799.349609375,1891400,0.008204764929060221
2021-06-14 00:00:00+05:30,15791.400390625,15901.599609375,15450.900390625,15683.349609375,2054800,-0.007369160067071618
2021-06-21 00:00:00+05:30,15525.849609375,15895.75,15505.650390625,15860.349609375,1592500,0.011222644275032905
2021-06-28 00:00:00+05:30,15915.349609375,15915.650390625,15635.9501953125,15722.2001953125,1357500,-0.008748520688782816
2021-07-05 00:00:00+05:30,15793.400390625,15914.2001953125,15632.75,15689.7998046875,1478800,-0.002062931498503233
2021-07-12 00:00:00+05:30,15766.7998046875,15962.25,15644.75,15923.400390625,1024200,0.014778942741845606
2021-07-19 00:00:00+05:30,15754.5,15899.7998046875,15578.5498046875,15856.0498046875,1075800,-0.0042386313393446475
2021-07-26 00:00:00+05:30,15849.2998046875,15893.349609375,15513.4501953125,15763.0498046875,1698300,-0.0058825374113550205
2021-08-02 00:00:00+05:30,15874.900390625,16349.4501953125,15834.650390625,16238.2001953125,1751700,0.029697921946274745
2021-08-09 00:00:00+05:30,16281.349609375,16543.599609375,16162.5498046875,16529.099609375,1408500,0.01775593707697671
2021-08-16 00:00:00+05:30,16518.400390625,16701.849609375,16376.0498046875,16450.5,1154000,-0.004766568370890735
2021-08-23 00:00:00+05:30,16592.25,16722.05078125,16395.69921875,16705.19921875,1287800,0.015364129547272445
2021-08-30 00:00:00+05:30,16775.849609375,17340.099609375,16764.849609375,17323.599609375,1553600,0.0363497097477813
2021-09-06 00:00:00+05:30,17399.349609375,17436.5,17254.19921875,17369.25,965600,0.002631690246612637
2021-09-13 00:00:00+05:30,17363.55078125,17792.94921875,17269.150390625,17585.150390625,1871300,0.012353416672163981
2021-09-20 00:00:00+05:30,17443.849609375,17947.650390625,17326.099609375,17853.19921875,1678500,0.015127902007349241
2021-09-27 00:00:00+05:30,17932.19921875,17943.5,17452.900390625,17532.05078125,1940300,-0.018152041065771313
2021-10-04 00:00:00+05:30,17615.55078125,17941.849609375,17581.349609375,17895.19921875,1862600,0.020501797763161533
2021-10-11 00:00:00+05:30,17867.55078125,18350.75,17839.099609375,18338.55078125,1776800,0.024472967340233936
2021-10-18 00:00:00+05:30,18500.099609375,18604.44921875,18034.349609375,18114.900390625,1900000,-0.012270618536551139
2021-10-25 00:00:00+05:30,18229.5,18342.05078125,17613.099609375,17671.650390625,1806000,-0.02477314292397124
2021-11-01 00:00:00+05:30,17783.150390625,18012.25,17697.099609375,17916.80078125,957100,0.01377718109224517
2021-11-08 00:00:00+05:30,18040.19921875,18123.0,17798.19921875,18102.75,1351700,0.0103249966559189
2021-11-15 00:00:00+05:30,18140.94921875,18210.150390625,17688.5,17764.80078125,1121900,-0.018844845137402387
2021-11-22 00:00:00+05:30,17796.25,17805.25,16985.69921875,17026.44921875,1575500,-0.0424510439015481
2021-11-29 00:00:00+05:30,17055.80078125,17489.80078125,16782.400390625,17196.69921875,1714800,0.009949488122757399
2021-12-06 00:00:00+05:30,17209.05078125,17543.25,16891.69921875,17511.30078125,1185300,0.01812897192897224
2021-12-13 00:00:00+05:30,17619.099609375,17639.5,16966.44921875,16985.19921875,1316700,-0.03050410080249379
2021-12-20 00:00:00+05:30,16824.25,17155.599609375,16410.19921875,17003.75,1159100,0.001091577322535732
2021-12-27 00:00:00+05:30,16937.75,17400.80078125,16833.19921875,17354.05078125,970300,0.020392045600084955
2022-01-03 00:00:00+05:30,17387.150390625,17944.69921875,17383.30078125,17812.69921875,1175200,0.02608568861126521
2022-01-10 00:00:00+05:30,17913.30078125,18286.94921875,17879.150390625,18255.75,1230800,0.024568456721143776
2022-01-17 00:00:00+05:30,18235.650390625,18350.94921875,17485.849609375,17617.150390625,1306600,-0.03560721731320862
2022-01-24 00:00:00+05:30,17575.150390625,17599.400390625,16836.80078125,17101.94921875,1401200,-0.029680435171886902
2022-01-31 00:00:00+05:30,17301.05078125,17794.599609375,17244.55078125,17516.30078125,1467300,0.02393947417888579
2022-02-07 00:00:00+05:30,17456.30078125,17639.44921875,17043.650390625,17374.75,1296600,-0.00811391773365492
2022-02-14 00:00:00+05:30,17076.150390625,17490.599609375,16809.650390625,17276.30078125,1270400,-0.005682337558723448
2022-02-21 00:00:00+05:30,17192.25,17351.05078125,16203.25,16658.400390625,1503300,-0.03642104813893137
2022-02-28 00:00:00+05:30,16481.599609375,16815.900390625,16133.7998046875,16245.349609375,1820100,-0.025107927226050954
2022-03-07 00:00:00+05:30,15867.9501953125,16757.30078125,15671.4501953125,16630.44921875,2421300,0.02342861545819342
2022-03-14 00:00:00+05:30,16633.69921875,17344.599609375,16555.0,17287.05078125,1404600,0.03872240608348525
2022-03-21 00:00:00+05:30,17329.5,17442.400390625,17006.30078125,17153.0,1443300,-0.007784626048416931
2022-03-28 00:00:00+05:30,17181.849609375,17703.69921875,17003.900390625,17670.44921875,1566200,0.029720623260449365
2022-04-04 00:00:00+05:30,17809.099609375,18114.650390625,17600.55078125,17784.349609375,1541000,0.006425126427346964
2022-04-11 00:00:00+05:30,17740.900390625,17779.05078125,17442.349609375,17475.650390625,762800,-0.017510329340556192
2022-04-18 00:00:00+05:30,17183.44921875,17414.69921875,16824.69921875,17171.94921875,1611500,-0.01753131262930867
2022-04-25 00:00:00+05:30,17009.05078125,17377.650390625,16888.69921875,17102.55078125,1451000,-0.00404957226736659
2022-05-02 00:00:00+05:30,16924.44921875,17132.849609375,16340.900390625,16411.25,1155100,-0.04126054561206957
2022-05-09 00:00:00+05:30,16227.7001953125,16404.55078125,15735.75,15782.150390625,1539800,-0.03908749596264782
2022-05-16 00:00:00+05:30,15845.099609375,16399.80078125,15739.650390625,16266.150390625,1370000,0.03020670610253665
2022-05-23 00:00:00+05:30,16290.9501953125,16414.69921875,15903.7001953125,16352.4501953125,1375300,0.005291459749966109
2022-05-30 00:00:00+05:30,16527.900390625,16793.849609375,16438.849609375,16584.30078125,1634100,0.014078766646665327
2022-06-06 00:00:00+05:30,16530.69921875,16610.94921875,16172.599609375,16201.7998046875,1105600,-0.02333417668062375
2022-06-13 00:00:00+05:30,15877.5498046875,15886.150390625,15183.400390625,15293.5,1241200,-0.057694433593632924
2022-06-20 00:00:00+05:30,15334.5,15749.25,15191.099609375,15699.25,1222500,0.026185038984122628
2022-06-27 00:00:00+05:30,15926.2001953125,15927.4501953125,15511.0498046875,15752.0498046875,1577800,0.0033575626201391294
2022-07-04 00:00:00+05:30,15710.5,16275.5,15661.7998046875,16220.599609375,1392600,0.02931151215704365
2022-07-11 00:00:00+05:30,16136.150390625,16248.5498046875,15858.2001953125,16049.2001953125,1132200,-0.01062299902314283
2022-07-18 00:00:00+05:30,16151.400390625,16752.25,16142.2001953125,16719.44921875,1169200,0.040913649385043944
2022-07-25 00:00:00+05:30,16662.55078125,17172.80078125,16438.75,17158.25,1417200,0.025906441855730145
2022-08-01 00:00:00+05:30,17243.19921875,17490.69921875,17154.80078125,17397.5,1680800,0.013847410229484824
2022-08-08 00:00:00+05:30,17401.5,17724.650390625,17359.75,17698.150390625,1184800,0.017133618677847597
2022-08-15 00:00:00+05:30,17797.19921875,17992.19921875,17710.75,17758.44921875,822300,0.003401278572726632
2022-08-22 00:00:00+05:30,17682.900390625,17726.5,17345.19921875,17558.900390625,1332000,-0.011300448865054505
2022-08-29 00:00:00+05:30,17188.650390625,17777.650390625,17166.19921875,17539.44921875,1134400,-0.001108381110953045
2022-09-05 00:00:00+05:30,17546.44921875,17925.94921875,17484.30078125,17833.349609375,1385700,0.01661769289723364
2022-09-12 00:00:00+05:30,17890.849609375,18096.150390625,17497.25,17530.849609375,1612100,-0.017108114127432093
2022-09-19 00:00:00+05:30,17540.650390625,17919.30078125,17291.650390625,17327.349609375,1441800,-0.011676008312029768
2022-09-26 00:00:00+05:30,17156.30078125,17196.400390625,16747.69921875,17094.349609375,1891900,-0.013538178765633301
2022-10-03 00:00:00+05:30,17102.099609375,17428.80078125,16855.55078125,17314.650390625,986200,0.01280500981933353
2022-10-10 00:00:00+05:30,17094.349609375,17348.55078125,16950.30078125,17185.69921875,1266000,-0.00747538931243497
2022-10-17 00:00:00+05:30,17144.80078125,17670.150390625,17098.55078125,17576.30078125,1189500,0.02247385090531295
2022-10-24 00:00:00+05:30,17736.349609375,17838.900390625,17637.0,17786.80078125,871000,0.011905204970271883
2022-10-31 00:00:00+05:30,17910.19921875,18178.75,17899.900390625,18117.150390625,1328900,0.01840237195108061
2022-11-07 00:00:00+05:30,18211.75,18362.30078125,17969.400390625,18349.69921875,1257000,0.01275415798032863
2022-11-14 00:00:00+05:30,18376.400390625,18442.150390625,18209.80078125,18307.650390625,1170900,-0.0022941563978590377
2022-11-21 00:00:00+05:30,18246.400390625,18534.900390625,18133.349609375,18512.75,980200,0.0111406572720533
2022-11-28 00:00:00+05:30,18430.55078125,18887.599609375,18365.599609375,18696.099609375,1326800,0.009855241174895068
2022-12-05 00:00:00+05:30,18719.55078125,18728.599609375,18410.099609375,18496.599609375,1125300,-0.010728014775115258
2022-12-12 00:00:00+05:30,18402.150390625,18696.099609375,18255.150390625,18269.0,1050300,-0.012381275937007226
2022-12-19 00:00:00+05:30,18288.099609375,18473.349609375,17779.5,17806.80078125,928600,-0.025625183662800994
2022-12-26 00:00:00+05:30,17830.400390625,18265.25,17774.25,18105.30078125,1058000,0.016624305547324
2023-01-02 00:00:00+05:30,18131.69921875,18251.94921875,17795.55078125,17859.44921875,1208100,-0.013672020081918283
2023-01-09 00:00:00+05:30,17952.55078125,18141.400390625,17761.650390625,17956.599609375,1284900,0.005424977465018946
2023-01-16 00:00:00+05:30,18033.150390625,18183.75,17853.650390625,18027.650390625,1156100,0.003948998441482176
2023-01-23 00:00:00+05:30,18118.44921875,18201.25,17493.55078125,17604.349609375,1152900,-0.02376070365641778
2023-01-30 00:00:00+05:30,17541.94921875,17972.19921875,17353.400390625,17854.05078125,2257800,0.014084408596592969
2023-02-06 00:00:00+05:30,17818.55078125,17916.900390625,17652.55078125,17856.5,1420800,0.00013717059525870983
2023-02-13 00:00:00+05:30,17859.099609375,18134.75,17719.75,17944.19921875,1143400,0.004899311805968024
2023-02-20 00:00:00+05:30,17965.55078125,18004.349609375,17421.80078125,17465.80078125,1027000,-0.027022171567421843
2023-02-27 00:00:00+05:30,17428.599609375,17644.75,17255.19921875,17594.349609375,1607100,0.007333077738759104
2023-03-06 00:00:00+05:30,17680.349609375,17799.94921875,17324.349609375,17412.900390625,1128100,-0.010366472298253299
2023-03-13 00:00:00+05:30,17421.900390625,17529.900390625,16850.150390625,17100.05078125,1551600,-0.01812990011007679
2023-03-20 00:00:00+05:30,17066.599609375,17207.25,16828.349609375,16945.05078125,935700,-0.009105631285450335
2023-03-27 00:00:00+05:30,16984.30078125,17381.599609375,16913.75,17359.75,1067000,0.02417850632435383
2023-04-03 00:00:00+05:30,17427.94921875,17638.69921875,17312.75,17599.150390625,721200,0.013696319412120656
2023-04-10 00:00:00+05:30,17634.900390625,17842.150390625,17597.94921875,17828.0,1077700,0.012919627465337792
2023-04-17 00:00:00+05:30,17863.0,17863.0,17553.94921875,17624.05078125,1343100,-0.01150576421926285
2023-04-24 00:00:00+05:30,17707.55078125,18089.150390625,17612.5,18065.0,1317800,0.02471187373455704
2023-05-01 00:00:00+05:30,18124.80078125,18267.44921875,18042.400390625,18069.0,957700,0.00022139813009027577
2023-05-08 00:00:00+05:30,18120.599609375,18389.69921875,18100.30078125,18314.80078125,1184900,0.013511756087297691
2023-05-15 00:00:00+05:30,18339.30078125,18458.900390625,18060.400390625,18203.400390625,1198500,-0.0061011075359360826
2023-05-22 00:00:00+05:30,18201.099609375,18508.55078125,18178.849609375,18499.349609375,1200200,0.01612716393522831
2023-05-29 00:00:00+05:30,18619.150390625,18662.44921875,18464.55078125,18534.099609375,1732700,0.001876682347014462
2023-06-05 00:00:00+05:30,18612.0,18777.900390625,18531.599609375,18563.400390625,1245300,0.001579663715503367
2023-06-12 00:00:00+05:30,18595.05078125,18864.69921875,18559.75,18826.0,1209900,0.014046971846227071
2023-06-19 00:00:00+05:30,18873.30078125,18886.599609375,18647.099609375,18665.5,1112200,-0.00856199301119534
2023-06-26 00:00:00+05:30,18682.349609375,19201.69921875,18646.69921875,19189.05078125,1040500,0.027662944443192467
2023-07-03 00:00:00+05:30,19246.5,19523.599609375,19234.400390625,19331.80078125,1182800,0.007411604243911893
2023-07-10 00:00:00+05:30,19400.349609375,19595.349609375,19327.099609375,19564.5,1449000,0.011965250695372963
2023-07-17 00:00:00+05:30,19612.150390625,19991.849609375,19562.94921875,19745.0,1402000,0.009183595242302296
2023-07-24 00:00:00+05:30,19748.44921875,19867.55078125,19563.099609375,19646.05078125,1473600,-0.005023954675572989
2023-07-31 00:00:00+05:30,19666.349609375,19795.599609375,19296.44921875,19517.0,1480300,-0.006590459413975027
2023-08-07 00:00:00+05:30,19576.849609375,19645.5,19412.75,19428.30078125,1291100,-0.004555074442192882
2023-08-14 00:00:00+05:30,19383.94921875,19482.75,19253.599609375,19310.150390625,768700,-0.006099921571763967
2023-08-21 00:00:00+05:30,19320.650390625,19584.44921875,19229.69921875,19265.80078125,1431300,-0.002299340784468504
2023-08-28 00:00:00+05:30,19298.349609375,19458.55078125,19223.650390625,19435.30078125,1684200,0.008759496600834953
2023-09-04 00:00:00+05:30,19525.05078125,19867.150390625,19432.849609375,19819.94921875,1434200,0.019597926325491122
2023-09-11 00:00:00+05:30,19890.0,20222.44921875,19865.349609375,20192.349609375,1541600,0.018614833683878812
2023-09-18 00:00:00+05:30,20155.94921875,20195.349609375,19657.5,19674.25,1164500,-0.025993126324856498
2023-09-25 00:00:00+05:30,19678.19921875,19766.650390625,19492.099609375,19638.30078125,1193200,-0.0018288932188822776
2023-10-02 00:00:00+05:30,19622.400390625,19675.75,19333.599609375,19653.5,892800,0.000773658585552762
2023-10-09 00:00:00+05:30,19539.44921875,19843.30078125,19480.5,19751.05078125,1068300,0.00495125454310809
2023-10-16 00:00:00+05:30,19737.25,19849.75,19512.349609375,19542.650390625,994300,-0.010607417395675306
2023-10-23 00:00:00+05:30,19521.599609375,19556.849609375,18837.849609375,19047.25,906900,-0.025676542453229614
2023-10-30 00:00:00+05:30,19053.400390625,19276.25,18940.0,19230.599609375,1015300,0.009580005852449367
2023-11-06 00:00:00+05:30,19345.849609375,19464.400390625,19309.69921875,19425.349609375,935000,0.01007615395106313
2023-11-13 00:00:00+05:30,19486.75,19875.25,19414.75,19731.80078125,1000300,0.015652693093210032
2023-11-20 00:00:00+05:30,19731.150390625,19875.150390625,19670.5,19794.69921875,869200,0.003182598539772909
2023-11-27 00:00:00+05:30,19844.650390625,20291.55078125,19800.0,20267.900390625,1218200,0.023624187355293595
2023-12-04 00:00:00+05:30,20601.94921875,21006.099609375,20507.75,20969.400390625,1728700,0.034025877840882984
2023-12-11 00:00:00+05:30,20965.30078125,21492.30078125,20769.5,21456.650390625,1561300,0.02297038801253171
2023-12-18 00:00:00+05:30,21434.80078125,21593.0,20976.80078125,21349.400390625,1425600,-0.005010984310058535
2023-12-25 00:00:00+05:30,21365.19921875,21801.44921875,21329.44921875,21731.400390625,1140000,0.017734582695505034
2024-01-01 00:00:00+05:30,21727.75,21834.349609375,21500.349609375,21710.80078125,1378100,-0.0009483686536713432
2024-01-08 00:00:00+05:30,21747.599609375,21928.25,21448.650390625,21894.55078125,1184300,0.008427914513120301
2024-01-15 00:00:00+05:30,22053.150390625,22124.150390625,21285.55078125,21622.400390625,1824300,-0.012507950645485908
2024-01-22 00:00:00+05:30,21716.69921875,21750.25,21137.19921875,21352.599609375,1275300,-0.012556338615946204
2024-01-29 00:00:00+05:30,21433.099609375,22126.80078125,21429.599609375,21853.80078125,1937700,0.023201361387360068
2024-02-05 00:00:00+05:30,21921.05078125,22053.30078125,21629.900390625,21782.5,1998400,-0.0032679600895832565
2024-02-12 00:00:00+05:30,21800.80078125,22068.650390625,21530.19921875,22040.69921875,1701600,0.011783813646838998
2024-02-19 00:00:00+05:30,22103.44921875,22297.5,21875.25,22212.69921875,1229700,0.007773453437992476
2024-02-26 00:00:00+05:30,22169.19921875,22353.30078125,21860.650390625,22338.75,1374700,0.005658676420733384
2024-03-04 00:00:00+05:30,22403.5,22525.650390625,22224.349609375,22493.55078125,1287200,0.00690579755027297
2024-03-11 00:00:00+05:30,22517.5,22526.599609375,21905.650390625,22023.349609375,2158600,-0.021125399769481894
2024-03-18 00:00:00+05:30,21990.099609375,22180.69921875,21710.19921875,22096.75,1754800,0.0033273024763077067
2024-03-25 00:00:00+05:30,21947.900390625,22516.0,21947.55078125,22326.900390625,1148000,0.010361708133941248
2024-04-01 00:00:00+05:30,22455.0,22619.0,22303.80078125,22513.69921875,1242300,0.008331731080633361
2024-04-08 00:00:00+05:30,22578.349609375,22775.69921875,22503.75,22519.400390625,1094000,0.00025319917815619223
2024-04-15 00:00:00+05:30,22339.05078125,22427.44921875,21777.650390625,22147.0,1492200,-0.016675130140991323
2024-04-22 00:00:00+05:30,22336.900390625,22625.94921875,22198.150390625,22419.94921875,1551600,0.012249105505970748
2024-04-29 00:00:00+05:30,22475.55078125,22794.69921875,22348.05078125,22475.849609375,1537900,0.002490229418866488
2024-05-06 00:00:00+05:30,22561.599609375,22588.80078125,21932.400390625,22055.19921875,1492600,-0.018893015730749915
2024-05-13 00:00:00+05:30,22027.94921875,22502.150390625,21821.05078125,22466.099609375,1351900,0.01845912266102538
2024-05-20 00:00:00+05:30,22404.55078125,23026.400390625,22404.55078125,22957.099609375,1269600,0.021619750845549682
2024-05-27 00:00:00+05:30,23038.94921875,23110.80078125,22417.0,22530.69921875,1693300,-0.018748450866916278
2024-06-03 00:00:00+05:30,23337.900390625,23338.69921875,21281.44921875,23290.150390625,3168000,0.033151752208584344
2024-06-10 00:00:00+05:30,23319.150390625,23490.400390625,23206.650390625,23465.599609375,1396600,0.007504961090596268
2024-06-17 00:00:00+05:30,23570.80078125,23667.099609375,23398.19921875,23501.099609375,1491200,0.0015117096730700062
2024-06-24 00:00:00+05:30,23382.30078125,24174.0,23350.0,24010.599609375,1695300,0.021448171296037807
2024-07-01 00:00:00+05:30,23992.94921875,24401.0,23992.69921875,24323.849609375,549600,0.012961951190875003
2024-07-08 00:00:00+05:30,24329.44921875,24592.19921875,24141.80078125,24502.150390625,1441300,0.007303550314328937
2024-07-15 00:00:00+05:30,24587.599609375,24854.80078125,24504.44921875,24530.900390625,1283300,0.0011726785438235542
2024-07-22 00:00:00+05:30,24445.75,24861.150390625,24074.19921875,24834.849609375,1902800,0.012314329660301711
2024-07-29 00:00:00+05:30,24943.30078125,25078.30078125,24686.849609375,24717.69921875,1849900,-0.00472833836636715
2024-08-05 00:00:00+05:30,24302.849609375,24419.75,23893.69921875,24367.5,1643900,-0.01426927735347687
2024-08-12 00:00:00+05:30,24320.05078125,24563.900390625,24099.69921875,24541.150390625,1094500,0.007101039138367406
2024-08-19 00:00:00+05:30,24636.349609375,24867.349609375,24522.94921875,24823.150390625,1166100,0.011425384871522145
2024-08-26 00:00:00+05:30,24906.099609375,25268.349609375,24874.69921875,25235.900390625,1646200,0.016490898147413835
2024-09-02 00:00:00+05:30,25333.599609375,25333.650390625,24801.30078125,24852.150390625,1222600,-0.015323315753812619
2024-09-09 00:00:00+05:30,24823.400390625,25433.349609375,24753.150390625,25356.5,1415800,0.020090823793391815
2024-09-16 00:00:00+05:30,25406.650390625,25849.25,25285.55078125,25790.94921875,1448000,0.016988517480019696
2024-09-23 00:00:00+05:30,25872.55078125,26277.349609375,25847.349609375,26178.94921875,1733000,0.01493199797676698
2024-09-30 00:00:00+05:30,26061.30078125,26134.69921875,24966.80078125,25014.599609375,1388800,-0.045495984092214045
2024-10-07 00:00:00+05:30,25084.099609375,25234.05078125,24694.349609375,24964.25,1470000,-0.0020148373482649345
2024-10-14 00:00:00+05:30,25023.44921875,25212.05078125,24567.650390625,24854.05078125,1234100,-0.004424052878519006
2024-10-21 00:00:00+05:30,24956.150390625,24978.30078125,24073.900390625,24180.80078125,1395400,-0.027461786421489665
2024-10-28 00:00:00+05:30,24251.099609375,24498.19921875,24134.900390625,24304.349609375,1221600,0.005096368456748041
2024-11-04 00:00:00+05:30,24315.75,24537.599609375,23816.150390625,24148.19921875,1547000,-0.00644551979218389
2024-11-11 00:00:00+05:30,24087.25,24336.80078125,23484.150390625,23532.69921875,1091500,-0.02581890071781575
2024-11-18 00:00:00+05:30,23605.30078125,23956.099609375,23263.150390625,23907.25,1348700,0.015790850128157712
2024-11-25 00:00:00+05:30,24253.55078125,24354.55078125,23873.349609375,24131.099609375,1861700,0.009319688599941003
2024-12-02 00:00:00+05:30,24140.849609375,24857.75,24008.650390625,24677.80078125,1496100,0.02240263689978022
2024-12-09 00:00:00+05:30,24633.900390625,24792.30078125,24180.80078125,24768.30078125,1272600,0.003660555562359361
2024-12-16 00:00:00+05:30,24753.400390625,24781.25,23537.349609375,23587.5,1401600,-0.04884773058472813
2024-12-23 00:00:00+05:30,23738.19921875,23938.849609375,23647.19921875,23813.400390625,722000,0.009531553157197703
2024-12-30 00:00:00+05:30,23796.900390625,24226.69921875,23460.44921875,24004.75,1308900,0.008003263579826487
2025-01-06 00:00:00+05:30,24045.80078125,24089.94921875,23344.349609375,23431.5,1337000,-0.024170456474656477
2025-01-13 00:00:00+05:30,23195.400390625,23391.650390625,23047.25,23203.19921875,1428000,-0.009791104431824958
2025-01-20 00:00:00+05:30,23290.400390625,23426.30078125,22976.849609375,23092.19921875,1430300,-0.004795302187659548
2025-01-27 00:00:00+05:30,22940.150390625,23632.44921875,22786.900390625,23482.150390625,1793400,0.016745710356603157
2025-02-03 00:00:00+05:30,23319.349609375,23807.30078125,23222.0,23559.94921875,1648500,0.0033076286858047844
2025-02-10 00:00:00+05:30,23543.80078125,23568.599609375,22774.849609375,22929.25,1302100,-0.027134815287549744
2025-02-17 00:00:00+05:30,22809.900390625,23049.94921875,22720.30078125,22795.900390625,1108600,-0.005832675728036433
2025-02-24 00:00:00+05:30,22609.349609375,22668.05078125,22104.849609375,22124.69921875,1305100,-0.02988611619555631
2025-03-03 00:00:00+05:30,22194.55078125,22633.80078125,21964.599609375,22552.5,1503500,0.01915132837983981
2025-03-10 00:00:00+05:30,22521.849609375,22676.75,22314.69921875,22397.19921875,1299000,-0.00691000838240661
2025-03-17 00:00:00+05:30,22353.150390625,23402.69921875,22353.150390625,23350.400390625,1702400,0.041678215151749236
2025-03-24 00:00:00+05:30,23515.400390625,23869.599609375,23412.19921875,23519.349609375,1734400,0.007209338667457421
2025-03-31 00:00:00+05:30,23341.099609375,23565.150390625,22857.44921875,22904.44921875,1405300,-0.02649228926854735
2025-04-07 00:00:00+05:30,21758.400390625,22923.900390625,21743.650390625,22828.55078125,1901400,-0.0033192008913334133
2025-04-14 00:00:00+05:30,23368.349609375,23872.349609375,23207.0,23851.650390625,1242000,0.0438414338829939
2025-04-21 00:00:00+05:30,23949.150390625,24365.44921875,23847.849609375,24039.349609375,2008500,0.007838641073946322
2025-04-28 00:00:00+05:30,24070.25,24589.150390625,24054.05078125,24346.69921875,1523700,0.012704229859426912
2025-05-05 00:00:00+05:30,24419.5,24526.400390625,23935.75,24008.0,1671000,-0.014009176503876787
2025-05-12 00:00:00+05:30,24420.099609375,25116.25,24378.849609375,25019.80078125,2070700,0.04128043448890331
2025-05-19 00:00:00+05:30,25005.349609375,25062.94921875,24462.400390625,24853.150390625,1676600,-0.006683021837069103
2025-05-26 00:00:00+05:30,24919.349609375,25079.19921875,24677.30078125,24750.69921875,2712200,-0.004130780911633917
2025-06-02 00:00:00+05:30,24669.69921875,25029.5,24502.150390625,25003.05078125,1665300,0.010144108794727241
2025-06-09 00:00:00+05:30,25160.099609375,25222.400390625,24473.0,24718.599609375,1534700,-0.011441867794370604
2025-06-16 00:00:00+05:30,24732.349609375,25136.19921875,24703.599609375,25112.400390625,1635100,0.01580578272892864
2025-06-23 00:00:00+05:30,24939.75,25654.19921875,24824.849609375,25637.80078125,1952200,0.02070609180403855
2025-06-30 00:00:00+05:30,25661.650390625,25669.349609375,25331.650390625,25461.0,1328400,-0.006919985755940447
2025-07-07 00:00:00+05:30,25450.44921875,25548.69921875,25129.0,25149.849609375,1115200,-0.012295952874300966
2025-07-14 00:00:00+05:30,25149.5,25255.30078125,24918.650390625,24968.400390625,1290000,-0.0072408757901743
2025-07-21 00:00:00+05:30,24999.0,25246.25,24806.349609375,24837.0,1677200,-0.005276564166395673
2025-07-28 00:00:00+05:30,24782.44921875,24956.5,24535.05078125,24565.349609375,1400400,-0.010997579293432086
2025-08-04 00:00:00+05:30,24596.05078125,24736.25,24337.5,24363.30078125,1665500,-0.008258963817639227
2025-08-11 00:00:00+05:30,24371.5,24702.599609375,24347.44921875,24631.30078125,984300,0.010940089904821627
2025-08-18 00:00:00+05:30,24938.19921875,25153.650390625,24852.849609375,24870.099609375,1339200,0.009648239390814328
2025-08-25 00:00:00+05:30,24949.150390625,25021.55078125,24404.69921875,24426.849609375,1615600,-0.01798334187285262
2025-09-01 00:00:00+05:30,24432.69921875,24980.75,24432.69921875,24741.0,1365400,0.012778865382837505
2025-09-08 00:00:00+05:30,24802.599609375,25139.44921875,24751.55078125,25114.0,1134500,0.014963673047444039
2025-09-15 00:00:00+05:30,25118.900390625,25448.94921875,25048.75,25327.05078125,1347000,0.008447565818512182
2025-09-22 00:00:00+05:30,25238.099609375,25331.69921875,24629.44921875,24654.69921875,1432100,-0.026905505388153467
2025-09-29 00:00:00+05:30,24728.55078125,24904.80078125,24587.69921875,24894.25,1372200,0.009669333111770075
2025-10-06 00:00:00+05:30,24916.55078125,25330.75,24881.650390625,25285.349609375,1303400,0.01558830807750619
2025-10-13 00:00:00+05:30,25177.30078125,25781.5,25060.55078125,25709.849609375,1611200,0.016649010575060526
2025-10-20 00:00:00+05:30,25824.599609375,26104.19921875,25718.19921875,25795.150390625,1076900,0.0033123331420305147
2025-10-27 00:00:00+05:30,25843.19921875,26097.849609375,25711.19921875,25722.099609375,1575200,-0.0028359755309455433
2025-11-03 00:00:00+05:30,25696.849609375,25803.099609375,25318.44921875,25492.30078125,1005900,-0.008974052945314738
2025-11-10 00:00:00+05:30,25503.5,26010.69921875,25449.25,25910.05078125,1758000,0.01625447805416143
2025-11-17 00:00:00+05:30,25948.19921875,26246.650390625,25856.19921875,26068.150390625,1287900,0.006083323138312015
2025-11-24 00:00:00+05:30,26122.80078125,26310.44921875,25842.94921875,26202.94921875,1443300,0.005157692413452806
2025-12-01 00:00:00+05:30,26325.80078125,26325.80078125,25891.0,26186.44921875,1231700,-0.0006298984541785127
2025-12-08 00:00:00+05:30,26159.80078125,26178.69921875,25693.25,26046.94921875,1227000,-0.005341422761809328
2025-12-15 00:00:00+05:30,25930.05078125,26047.150390625,25726.30078125,25966.400390625,1233000,-0.0030972391942169224
2025-12-22 00:00:00+05:30,26055.849609375,26236.400390625,26008.599609375,26042.30078125,800600,0.002918759469039944
2025-12-29 00:00:00+05:30,26063.349609375,26340.0,25878.0,26328.55078125,1660600,0.01093176231084871
2026-01-05 00:00:00+05:30,26333.69921875,26373.19921875,25623.0,25683.30078125,1737300,-0.02481292574561026
2026-01-12 00:00:00+05:30,25669.05078125,25899.80078125,25473.400390625,25694.349609375,1442400,0.00043010251388768097
2026-01-19 00:00:00+05:30,25653.099609375,25653.30078125,24919.80078125,25048.650390625,2128800,-0.025451158713405506
2026-01-26 00:00:00+05:30,25063.349609375,25458.150390625,24571.75,24825.44921875,2663800,-0.008950644272278319
2026-02-02 00:00:00+05:30,24796.5,26341.19921875,24679.400390625,25693.69921875,2235600,0.03437649007188905
2026-02-09 00:00:00+05:30,25888.69921875,26009.400390625,25444.30078125,25471.099609375,2024600,-0.008701334470161526
2026-02-16 00:00:00+05:30,25423.599609375,25885.30078125,25372.69921875,25571.25,1524900,0.0039242127336661424
2026-02-23 00:00:00+05:30,25678.400390625,25771.44921875,25141.30078125,25178.650390625,2011100,-0.015472244807127802
2026-03-02 00:00:00+05:30,24659.25,24989.349609375,24305.400390625,24450.44921875,2055900,-0.029347840006596886
2026-03-09 00:00:00+05:30,23868.05078125,24303.80078125,23112.0,23151.099609375,2399400,-0.05460630997787074
2026-03-16 00:00:00+05:30,23116.099609375,23862.25,22930.349609375,23114.5,2595400,-0.001582152498560979
2026-03-23 00:00:00+05:30,22824.349609375,23465.349609375,22471.25,22819.599609375,2206400,-0.01284032755212123
2026-03-30 00:00:00+05:30,22549.650390625,22941.30078125,22182.55078125,22713.099609375,1711700,-0.004677965332259083
2026-04-06 00:00:00+05:30,22780.30078125,24074.05078125,22542.94921875,24050.599609375,2490600,0.0572180946774241
2026-04-13 00:00:00+05:30,23589.599609375,24400.94921875,23555.599609375,24353.55078125,1955700,0.012517733512392267
