Date,Open,High,Low,Close,Volume,Log_Return
2005-01-01 00:00:00-05:00,1211.9200439453125,1217.800048828125,1182.1600341796875,1186.18994140625,8017700000,
2005-01-08 00:00:00-05:00,1186.18994140625,1194.780029296875,1175.6400146484375,1184.52001953125,7387000000,-0.0014087949843777697
2005-01-15 00:00:00-05:00,1184.52001953125,1195.97998046875,1167.8199462890625,1167.8699951171875,6431000000,-0.014156073063646505
2005-01-22 00:00:00-05:00,1167.8699951171875,1177.5,1163.75,1171.3599853515625,7983300000,0.002983881749940044
2005-01-29 00:00:00-05:00,1171.3599853515625,1203.469970703125,1171.3599853515625,1203.030029296875,8126140000,0.02667794427933628
2005-02-05 00:00:00-05:00,1203.030029296875,1208.3800048828125,1191.5400390625,1205.300048828125,7328450000,0.0018851404333039296
2005-02-12 00:00:00-05:00,1205.300048828125,1212.43994140625,1197.3499755859375,1201.5899658203125,7438680000,-0.003082887812637066
2005-02-19 00:00:00-05:00,1201.5899658203125,1212.1500244140625,1184.1600341796875,1211.3699951171875,6288460000,0.008106295181520137
2005-02-26 00:00:00-05:00,1211.3699951171875,1224.760009765625,1198.1300048828125,1222.1199951171875,8325140000,0.008835105113213662
2005-03-05 00:00:00-05:00,1222.1199951171875,1229.1099853515625,1198.1500244140625,1200.0799560546875,7770730000,-0.018198866985591915
2005-03-12 00:00:00-05:00,1200.0799560546875,1210.5400390625,1182.780029296875,1189.6500244140625,8530450000,-0.008729017882488832
2005-03-19 00:00:00-05:00,1189.6500244140625,1189.6500244140625,1168.699951171875,1171.4200439453125,7902500000,-0.015442441107837395
2005-03-26 00:00:00-05:00,1171.4200439453125,1189.800048828125,1163.68994140625,1172.9200439453125,10449500000,0.0012796779890810277
2005-04-02 00:00:00-05:00,1172.7900390625,1191.8800048828125,1167.719970703125,1181.199951171875,9309920000,0.007034425931301594
2005-04-09 00:00:00-04:00,1181.199951171875,1190.1700439453125,1141.9200439453125,1142.6199951171875,10599880000,-0.03320696272982966
2005-04-16 00:00:00-04:00,1142.6199951171875,1159.949951171875,1136.1500244140625,1152.1199951171875,10894860000,0.008279852457213244
2005-04-23 00:00:00-04:00,1152.1199951171875,1164.800048828125,1139.18994140625,1156.8499755859375,10450920000,0.004097053790355673
2005-04-30 00:00:00-04:00,1156.8499755859375,1178.6199951171875,1154.7099609375,1171.3499755859375,10157840000,0.01245613588434531
2005-05-07 00:00:00-04:00,1171.3499755859375,1178.8699951171875,1146.1800537109375,1154.050048828125,9765530000,-0.014879371938130811
2005-05-14 00:00:00-04:00,1154.050048828125,1191.219970703125,1153.6400146484375,1189.280029296875,9418050000,0.030070569615118586
2005-05-21 00:00:00-04:00,1189.280029296875,1199.56005859375,1185.9599609375,1198.780029296875,8139890000,0.007956290781120888
2005-05-28 00:00:00-04:00,1198.780029296875,1205.6400146484375,1191.030029296875,1196.02001953125,7092090000,-0.002305003283242016
2005-06-04 00:00:00-04:00,1196.02001953125,1208.8499755859375,1191.0899658203125,1198.1099853515625,8602280000,0.0017459088244461457
2005-06-11 00:00:00-04:00,1198.1099853515625,1219.550048828125,1194.510009765625,1216.9599609375,9383350000,0.015610610708033299
2005-06-18 00:00:00-04:00,1216.9599609375,1219.5899658203125,1191.449951171875,1191.5699462890625,9707200000,-0.02108419342867653
2005-06-25 00:00:00-04:00,1191.5699462890625,1204.0699462890625,1188.300048828125,1194.43994140625,8983620000,0.0024056870142258684
2005-07-02 00:00:00-04:00,1194.43994140625,1212.72998046875,1183.550048828125,1211.8599853515625,7542540000,0.014478950091547812
2005-07-09 00:00:00-04:00,1211.8599853515625,1233.1600341796875,1211.8599853515625,1227.9200439453125,9355920000,0.013165359475002796
2005-07-16 00:00:00-04:00,1227.9200439453125,1236.56005859375,1221.1300048828125,1233.6800537109375,9583550000,0.004679899293002802
2005-07-23 00:00:00-04:00,1233.6800537109375,1245.1500244140625,1228.1500244140625,1234.1800537109375,9388840000,0.00040520935958874763
2005-07-30 00:00:00-04:00,1234.1800537109375,1245.8599853515625,1225.6199951171875,1226.4200439453125,9671470000,-0.006307433296319908
2005-08-06 00:00:00-04:00,1226.4200439453125,1242.68994140625,1222.6700439453125,1230.3900146484375,9524840000,0.0032318120358038596
2005-08-13 00:00:00-04:00,1230.4000244140625,1236.239990234375,1215.9300537109375,1219.7099609375,8609400000,-0.008718110658722413
2005-08-20 00:00:00-04:00,1219.7099609375,1228.9599609375,1204.22998046875,1205.0999755859375,8342950000,-0.012050562752527255
2005-08-27 00:00:00-04:00,1205.0999755859375,1227.2900390625,1201.0699462890625,1218.02001953125,9751450000,0.010664074757128834
2005-09-03 00:00:00-04:00,1218.02001953125,1243.1300048828125,1218.02001953125,1241.47998046875,7947730000,0.019077595009801496
2005-09-10 00:00:00-04:00,1241.47998046875,1242.5999755859375,1224.8499755859375,1237.9100341796875,11238970000,-0.0028796992284409097
2005-09-17 00:00:00-04:00,1237.9100341796875,1237.9100341796875,1205.3499755859375,1215.2900390625,11341680000,-0.0184417377484156
2005-09-24 00:00:00-04:00,1215.2900390625,1229.5699462890625,1211.1099853515625,1228.81005859375,10379110000,0.011063505499985901
2005-10-01 00:00:00-04:00,1228.81005859375,1233.3399658203125,1181.9200439453125,1195.9000244140625,11903800000,-0.027147208674889893
2005-10-08 00:00:00-04:00,1195.9000244140625,1196.52001953125,1168.199951171875,1186.5699462890625,11526400000,-0.007832313469570336
2005-10-15 00:00:00-04:00,1186.5699462890625,1197.300048828125,1170.550048828125,1179.5899658203125,12043340000,-0.005899855440694736
2005-10-22 00:00:00-04:00,1179.5899658203125,1204.010009765625,1178.8900146484375,1198.4100341796875,11752780000,0.015828815228982704
2005-10-29 00:00:00-04:00,1198.4100341796875,1224.699951171875,1198.4100341796875,1220.1400146484375,12440550000,0.017969911539171317
2005-11-05 00:00:00-05:00,1220.1400146484375,1235.699951171875,1215.050048828125,1234.719970703125,10318690000,0.01187858173429379
2005-11-12 00:00:00-05:00,1234.719970703125,1249.5799560546875,1226.4100341796875,1248.27001953125,11132060000,0.0109144083486725
2005-11-19 00:00:00-05:00,1248.27001953125,1270.6400146484375,1246.9000244140625,1268.25,7119110000,0.015879389116379608
2005-11-26 00:00:00-05:00,1268.25,1268.43994140625,1249.3900146484375,1265.0799560546875,11400340000,-0.002502670915275177
2005-12-03 00:00:00-05:00,1265.0799560546875,1272.8900146484375,1250.9100341796875,1259.3699951171875,10605000000,-0.0045237345048695045
2005-12-10 00:00:00-05:00,1259.3699951171875,1275.800048828125,1255.52001953125,1267.3199462890625,11176870000,0.006292800138216031
2005-12-17 00:00:00-05:00,1267.3199462890625,1270.510009765625,1257.2099609375,1268.6600341796875,9444980000,0.001056860090127215
2005-12-24 00:00:00-05:00,1268.6600341796875,1271.8299560546875,1246.5899658203125,1248.2900390625,5788870000,-0.01618660623208905
2005-12-31 00:00:00-05:00,1248.2900390625,1286.0899658203125,1245.739990234375,1285.449951171875,9949800000,0.02933416756990047
2006-01-07 00:00:00-05:00,1285.449951171875,1294.9000244140625,1282.780029296875,1287.6099853515625,11605560000,0.001678961812306947
2006-01-14 00:00:00-05:00,1287.6099853515625,1287.7900390625,1260.9200439453125,1261.489990234375,9703000000,-0.020494221167712184
2006-01-21 00:00:00-05:00,1261.489990234375,1286.3800048828125,1259.4200439453125,1283.719970703125,12962250000,0.01746853587441856
2006-01-28 00:00:00-05:00,1283.719970703125,1287.93994140625,1261.02001953125,1264.030029296875,12427960000,-0.015457037332098814
2006-02-04 00:00:00-05:00,1264.030029296875,1274.56005859375,1253.6099853515625,1266.989990234375,11687560000,0.0023389481427051723
2006-02-11 00:00:00-05:00,1266.989990234375,1289.469970703125,1258.3399658203125,1287.239990234375,10985360000,0.015856382888425682
2006-02-18 00:00:00-05:00,1287.239990234375,1294.1700439453125,1281.3299560546875,1289.4300537109375,8403920000,0.0016999180854360301
2006-02-25 00:00:00-05:00,1289.4300537109375,1297.5699462890625,1278.6600341796875,1287.22998046875,11302040000,-0.0017076942613004982
2006-03-04 00:00:00-05:00,1287.22998046875,1288.22998046875,1268.4200439453125,1281.4200439453125,11254670000,-0.004523735328813947
2006-03-11 00:00:00-05:00,1281.5799560546875,1310.449951171875,1281.5799560546875,1307.25,11370400000,0.019956821762063794
2006-03-18 00:00:00-05:00,1307.25,1310.8800048828125,1295.81005859375,1302.949951171875,10471020000,-0.003294807140132274
2006-03-25 00:00:00-05:00,1302.949951171875,1310.1500244140625,1291.8399658203125,1294.8699951171875,10853090000,-0.006220586704767654
2006-04-01 00:00:00-05:00,1302.8800048828125,1314.0699462890625,1294.1800537109375,1295.5,11425910000,0.00048642077882450336
2006-04-08 00:00:00-04:00,1295.510009765625,1300.739990234375,1282.9599609375,1289.1199951171875,7961240000,-0.004936909760988696
2006-04-15 00:00:00-04:00,1289.1199951171875,1318.1600341796875,1280.739990234375,1311.280029296875,11742950000,0.017043970482124506
2006-04-22 00:00:00-04:00,1311.280029296875,1316.0400390625,1295.5699462890625,1310.6099853515625,12178330000,-0.0005111152307348688
2006-04-29 00:00:00-04:00,1310.6099853515625,1326.530029296875,1303.4599609375,1325.760009765625,11961950000,0.011493220762529264
2006-05-06 00:00:00-04:00,1325.760009765625,1326.699951171875,1290.3800048828125,1291.239990234375,11676630000,-0.026382897847905325
2006-05-13 00:00:00-04:00,1291.18994140625,1297.8800048828125,1256.280029296875,1267.030029296875,13241860000,-0.018927387264411358
2006-05-20 00:00:00-04:00,1267.030029296875,1280.5400390625,1245.3399658203125,1280.1600341796875,12564040000,0.010309494658578612
2006-05-27 00:00:00-04:00,1280.0400390625,1290.6800537109375,1259.3800048828125,1288.219970703125,9524050000,0.006276300988289385
2006-06-03 00:00:00-04:00,1288.1600341796875,1288.1600341796875,1235.1800537109375,1252.300048828125,13413080000,-0.028279498228903147
2006-06-10 00:00:00-04:00,1252.27001953125,1258.6400146484375,1219.2900390625,1251.5400390625,13689640000,-0.0006070753421049789
2006-06-17 00:00:00-04:00,1251.5400390625,1257.9599609375,1237.1700439453125,1244.5,11276830000,-0.005640981410991319
2006-06-24 00:00:00-04:00,1244.5,1276.300048828125,1237.5899658203125,1270.199951171875,11838010000,0.02044048711993821
2006-07-01 00:00:00-04:00,1270.06005859375,1280.3800048828125,1263.1300048828125,1265.47998046875,7276850000,-0.0037228485311859337
2006-07-08 00:00:00-04:00,1265.4599609375,1274.06005859375,1228.449951171875,1236.199951171875,11428770000,-0.023409362669790924
2006-07-15 00:00:00-04:00,1236.199951171875,1262.56005859375,1224.5400390625,1240.2900390625,12379810000,0.003303135991314839
2006-07-22 00:00:00-04:00,1240.25,1280.4200439453125,1240.25,1278.550048828125,12801490000,0.0303814067689163
2006-07-29 00:00:00-04:00,1278.530029296875,1292.9200439453125,1265.7099609375,1279.3599853515625,12859150000,0.000633279935324633
2006-08-05 00:00:00-04:00,1279.31005859375,1283.739990234375,1261.300048828125,1266.739990234375,11465410000,-0.009913278024047525
2006-08-12 00:00:00-04:00,1266.6700439453125,1302.300048828125,1266.6700439453125,1302.300048828125,11498940000,0.02768530606930159
2006-08-19 00:00:00-04:00,1302.300048828125,1302.489990234375,1289.8199462890625,1295.0899658203125,9159550000,-0.005551805070907884
2006-08-26 00:00:00-04:00,1295.0899658203125,1312.030029296875,1293.969970703125,1311.010009765625,9764390000,0.012217675552095963
2006-09-02 00:00:00-04:00,1310.93994140625,1314.6700439453125,1292.1300048828125,1298.9200439453125,8903090000,-0.009264656177556911
2006-09-09 00:00:00-04:00,1298.8599853515625,1324.6500244140625,1290.9300537109375,1319.6600341796875,13444480000,0.01584096977383265
2006-09-16 00:00:00-04:00,1319.8499755859375,1328.530029296875,1310.93994140625,1314.780029296875,12049320000,-0.0037047800267943805
2006-09-23 00:00:00-04:00,1314.780029296875,1340.280029296875,1311.5799560546875,1335.8499755859375,12804030000,0.015898401549991142
2006-09-30 00:00:00-04:00,1335.8199462890625,1353.7900390625,1327.0999755859375,1349.5899658203125,13197290000,0.010233042207404902
2006-10-07 00:00:00-04:00,1349.5799560546875,1366.6300048828125,1343.5699462890625,1365.6199951171875,11829580000,0.01180771709901012
2006-10-14 00:00:00-04:00,1365.6099853515625,1372.8699951171875,1356.8699951171875,1368.5999755859375,12630620000,0.002179767305191056
2006-10-21 00:00:00-04:00,1368.5799560546875,1389.449951171875,1363.93994140625,1377.3399658203125,13562660000,0.006365776335353268
2006-10-28 00:00:00-04:00,1377.300048828125,1381.949951171875,1360.97998046875,1364.300048828125,13460540000,-0.00951256565633589
2006-11-04 00:00:00-05:00,1364.27001953125,1388.9200439453125,1364.27001953125,1380.9000244140625,13287010000,0.012093965812422953
2006-11-11 00:00:00-05:00,1380.5799560546875,1403.760009765625,1378.800048828125,1401.199951171875,13806780000,0.014593499304843558
2006-11-18 00:00:00-05:00,1401.1700439453125,1407.8900146484375,1397.8499755859375,1400.949951171875,8214910000,-0.00017843442312214403
2006-11-25 00:00:00-05:00,1400.949951171875,1406.300048828125,1377.8299560546875,1396.7099609375,14949140000,-0.003031100000602928
2006-12-02 00:00:00-05:00,1396.6700439453125,1418.27001953125,1396.6700439453125,1409.8399658203125,13430910000,0.009356755460206465
2006-12-09 00:00:00-05:00,1409.81005859375,1431.6300048828125,1404.75,1427.0899658203125,13539610000,0.012161183401292958
2006-12-16 00:00:00-05:00,1427.0799560546875,1431.81005859375,1410.280029296875,1410.760009765625,11642830000,-0.011508808739230809
2006-12-23 00:00:00-05:00,1410.75,1427.719970703125,1410.449951171875,1418.300048828125,6164450000,0.00533043255326875
2006-12-30 00:00:00-05:00,1418.030029296875,1429.4200439453125,1405.75,1409.7099609375,9353020000,-0.006075023977780103
2007-01-06 00:00:00-05:00,1409.260009765625,1431.22998046875,1403.969970703125,1430.72998046875,14110730000,0.014800808107751343
2007-01-13 00:00:00-05:00,1430.72998046875,1435.27001953125,1424.2099609375,1430.5,10889710000,-0.0001607563675867478
2007-01-20 00:00:00-05:00,1430.469970703125,1440.68994140625,1416.9599609375,1422.1800537109375,13919320000,-0.0058330900927349655
2007-01-27 00:00:00-05:00,1422.030029296875,1449.3299560546875,1418.4599609375,1448.3900146484375,13897760000,0.01826166141370361
2007-02-03 00:00:00-05:00,1448.3299560546875,1452.989990234375,1433.43994140625,1438.06005859375,13434950000,-0.007157581038069129
2007-02-10 00:00:00-05:00,1438.0,1457.969970703125,1431.43994140625,1455.5400390625,12637490000,0.01208196883707002
2007-02-17 00:00:00-05:00,1455.530029296875,1461.5699462890625,1448.3599853515625,1451.18994140625,9475560000,-0.002993123498304219
2007-02-24 00:00:00-05:00,1451.0400390625,1456.949951171875,1380.8699951171875,1387.1700439453125,17999820000,-0.04511813693715118
2007-03-03 00:00:00-05:00,1387.1099853515625,1410.1500244140625,1373.969970703125,1402.8399658203125,15617930000,0.011232996719950412
2007-03-10 00:00:00-05:00,1402.800048828125,1409.3399658203125,1363.97998046875,1386.949951171875,16123460000,-0.011391672461653568
2007-03-17 00:00:00-04:00,1386.949951171875,1438.8900146484375,1386.949951171875,1436.1099853515625,14506880000,0.0348310027126639
2007-03-24 00:00:00-04:00,1436.1099853515625,1437.6500244140625,1408.9000244140625,1420.8599853515625,14186810000,-0.010675747379211844
2007-03-31 00:00:00-04:00,1420.8299560546875,1444.8800048828125,1416.3699951171875,1443.760009765625,10771190000,0.015988516650636837
2007-04-07 00:00:00-04:00,1443.77001953125,1453.1099853515625,1433.9100341796875,1452.8499755859375,13270300000,0.006276299333040403
2007-04-14 00:00:00-04:00,1452.8399658203125,1484.739990234375,1452.8399658203125,1484.3499755859375,15005590000,0.02144982177816206
2007-04-21 00:00:00-04:00,1484.3299560546875,1498.02001953125,1473.739990234375,1494.0699462890625,14891970000,0.006526954200463291
2007-04-28 00:00:00-04:00,1494.0699462890625,1510.3399658203125,1476.699951171875,1505.6199951171875,15453470000,0.007700866511800023
2007-05-05 00:00:00-04:00,1505.5699462890625,1513.800048828125,1491.4200439453125,1505.8499755859375,14028380000,0.00015273635230255607
2007-05-12 00:00:00-04:00,1505.760009765625,1522.75,1498.3399658203125,1522.75,14590190000,0.011160404123760626
2007-05-19 00:00:00-04:00,1522.75,1532.4300537109375,1505.1800537109375,1515.72998046875,15091900000,-0.004620752525569889
2007-05-26 00:00:00-04:00,1515.550048828125,1540.56005859375,1510.06005859375,1536.3399658203125,11814550000,0.013505783940564736
2007-06-02 00:00:00-04:00,1536.280029296875,1540.530029296875,1487.4100341796875,1507.6700439453125,15174500000,-0.018837500254513057
2007-06-09 00:00:00-04:00,1507.6400146484375,1538.7099609375,1492.6500244140625,1532.9100341796875,14879070000,0.01660247015371526
2007-06-16 00:00:00-04:00,1532.9000244140625,1537.3199462890625,1500.739990234375,1502.56005859375,16086160000,-0.019997552978541548
2007-06-23 00:00:00-04:00,1502.56005859375,1517.530029296875,1484.1800537109375,1503.3499755859375,16256050000,0.000525575949638447
2007-06-30 00:00:00-04:00,1504.6600341796875,1532.4000244140625,1504.6600341796875,1530.43994140625,9274250000,0.017859302454689828
2007-07-07 00:00:00-04:00,1530.4300537109375,1555.0999755859375,1506.0999755859375,1552.5,15333250000,0.01431129735105594
2007-07-14 00:00:00-04:00,1552.5,1555.9000244140625,1529.199951171875,1534.0999755859375,16317700000,-0.011922660871163815
2007-07-21 00:00:00-04:00,1534.06005859375,1547.22998046875,1458.949951171875,1458.949951171875,20758930000,-0.05022690851688522
2007-07-28 00:00:00-04:00,1458.9300537109375,1488.300048828125,1432.800048828125,1433.06005859375,22551040000,-0.017904906378416106
2007-08-04 00:00:00-04:00,1433.0400390625,1503.8900146484375,1427.3900146484375,1453.6400146484375,26711530000,0.01425870662588253
2007-08-11 00:00:00-04:00,1453.4200439453125,1466.2900390625,1370.5999755859375,1445.93994140625,21881180000,-0.00531117710811335
2007-08-18 00:00:00-04:00,1445.93994140625,1479.4000244140625,1430.5400390625,1479.3699951171875,15268400000,0.02285672959733504
2007-08-25 00:00:00-04:00,1479.3599853515625,1481.469970703125,1432.010009765625,1473.989990234375,13622910000,-0.003643315315819276
2007-09-01 00:00:00-04:00,1473.9599609375,1496.4000244140625,1449.0699462890625,1453.550048828125,11408870000,-0.013964129116052814
2007-09-08 00:00:00-04:00,1453.5,1489.5799560546875,1439.2900390625,1484.25,14255590000,0.020900720426383926
2007-09-15 00:00:00-04:00,1484.239990234375,1538.739990234375,1471.8199462890625,1525.75,16791240000,0.02757649827381949
2007-09-22 00:00:00-04:00,1525.75,1533.739990234375,1507.1300048828125,1526.75,15354000000,0.0006552006786398157
2007-09-29 00:00:00-04:00,1527.2900390625,1561.9100341796875,1527.25,1557.5899658203125,15058680000,0.019998439856640994
2007-10-06 00:00:00-04:00,1556.510009765625,1576.0899658203125,1546.719970703125,1561.800048828125,14717400000,0.0026993005326952924
2007-10-13 00:00:00-04:00,1562.25,1564.739990234375,1500.260009765625,1500.6300048828125,17376100000,-0.039954010323749116
2007-10-20 00:00:00-04:00,1497.7900390625,1535.530029296875,1489.56005859375,1535.280029296875,18580330000,0.022827770723591434
2007-10-27 00:00:00-04:00,1536.9200439453125,1552.760009765625,1492.530029296875,1509.6500244140625,18817530000,-0.016834941857930073
2007-11-03 00:00:00-04:00,1505.6099853515625,1520.77001953125,1448.510009765625,1453.699951171875,22078420000,-0.03776585519107374
2007-11-10 00:00:00-05:00,1453.6600341796875,1492.1400146484375,1438.530029296875,1458.739990234375,20475180000,0.003461045855054934
2007-11-17 00:00:00-05:00,1456.699951171875,1456.699951171875,1415.6400146484375,1440.699951171875,14683750000,-0.012443970022992152
2007-11-24 00:00:00-05:00,1440.739990234375,1488.93994140625,1406.0999755859375,1481.1400146484375,20482140000,0.0276829987370295
2007-12-01 00:00:00-05:00,1479.6300048828125,1510.6300048828125,1460.6600341796875,1504.6600341796875,17076810000,0.015754910342763648
2007-12-08 00:00:00-05:00,1505.1099853515625,1523.5699462890625,1467.780029296875,1467.949951171875,18510280000,-0.02470014536917027
2007-12-15 00:00:00-05:00,1465.050048828125,1485.4000244140625,1435.6500244140625,1484.4599609375,18729500000,0.011184207041041156
2007-12-22 00:00:00-05:00,1484.550048828125,1498.8499755859375,1471.699951171875,1478.489990234375,8064200000,-0.004029753374390151
2007-12-29 00:00:00-05:00,1475.25,1475.8299560546875,1411.18994140625,1411.6300048828125,13489030000,-0.046276221539026476
2008-01-05 00:00:00-05:00,1414.0699462890625,1430.280029296875,1378.699951171875,1401.02001953125,23944010000,-0.007544511820392826
2008-01-12 00:00:00-05:00,1402.9100341796875,1417.8900146484375,1312.510009765625,1325.18994140625,25032320000,-0.0556447555422134
2008-01-19 00:00:00-05:00,1312.93994140625,1368.56005859375,1270.050048828125,1330.6099853515625,20403920000,0.004081671526193574
2008-01-26 00:00:00-05:00,1330.699951171875,1396.02001953125,1322.260009765625,1395.4200439453125,22697710000,0.047558004025437056
2008-02-02 00:00:00-05:00,1395.3800048828125,1395.3800048828125,1316.75,1331.2900390625,20177290000,-0.04704705040622106
2008-02-09 00:00:00-05:00,1331.9200439453125,1369.22998046875,1320.3199462890625,1349.989990234375,18722260000,0.013948751467250293
2008-02-16 00:00:00-05:00,1355.8599853515625,1367.93994140625,1327.0400390625,1353.1099853515625,14753390000,0.002308458089526165
2008-02-23 00:00:00-05:00,1352.75,1388.3399658203125,1325.4200439453125,1330.6300048828125,20232420000,-0.016753117910384238
2008-03-01 00:00:00-05:00,1330.449951171875,1344.18994140625,1282.4300537109375,1293.3699951171875,22041330000,-0.028401306655383166
2008-03-08 00:00:00-05:00,1293.1600341796875,1333.260009765625,1272.6600341796875,1288.1400146484375,24011740000,-0.0040518825062387355
2008-03-15 00:00:00-04:00,1283.2099609375,1341.510009765625,1256.97998046875,1329.510009765625,22522410000,0.031611131843436724
2008-03-22 00:00:00-04:00,1330.2900390625,1359.6800537109375,1312.949951171875,1315.219970703125,20424700000,-0.010806530901060329
2008-03-29 00:00:00-04:00,1315.9200439453125,1380.9100341796875,1312.81005859375,1370.4000244140625,20877750000,0.04109875610151282
2008-04-05 00:00:00-04:00,1373.68994140625,1386.739990234375,1331.2099609375,1332.8299560546875,18316890000,-0.027798217633767847
2008-04-12 00:00:00-04:00,1332.199951171875,1395.9000244140625,1324.3499755859375,1390.3299560546875,19342880000,0.04223662922011504
2008-04-19 00:00:00-04:00,1387.719970703125,1399.1099853515625,1369.8399658203125,1397.8399658203125,19698890000,0.005387066167455476
2008-04-26 00:00:00-04:00,1397.9599609375,1422.719970703125,1383.0699462890625,1413.9000244140625,20333020000,0.011423697285977847
2008-05-03 00:00:00-04:00,1415.3399658203125,1421.5699462890625,1384.1099853515625,1388.280029296875,18756220000,-0.01828626893317318
2008-05-10 00:00:00-04:00,1389.4000244140625,1425.8199462890625,1386.199951171875,1425.3499755859375,19047660000,0.026351788519381827
2008-05-17 00:00:00-04:00,1425.280029296875,1440.239990234375,1373.719970703125,1375.9300537109375,19528620000,-0.03528747530884748
2008-05-24 00:00:00-04:00,1375.969970703125,1406.3199462890625,1373.0699462890625,1400.3800048828125,15256170000,0.01761372668915138
2008-05-31 00:00:00-04:00,1399.6199951171875,1404.050048828125,1359.9000244140625,1360.6800537109375,21571790000,-0.028759017586137442
2008-06-07 00:00:00-04:00,1360.8299560546875,1370.6300048828125,1331.2900390625,1360.030029296875,22634280000,-0.0004778343936682509
2008-06-14 00:00:00-04:00,1358.8499755859375,1366.5899658203125,1314.4599609375,1317.9300537109375,22219040000,-0.031444415219540674
2008-06-21 00:00:00-04:00,1319.77001953125,1335.6300048828125,1272.0,1278.3800048828125,25156600000,-0.030468709478669035
2008-06-28 00:00:00-04:00,1278.06005859375,1292.1700439453125,1252.010009765625,1262.9000244140625,19402300000,-0.01218297216959901
2008-07-05 00:00:00-04:00,1262.9000244140625,1277.3599853515625,1225.3499755859375,1239.489990234375,29063160000,-0.018710686189176325
2008-07-12 00:00:00-04:00,1241.6099853515625,1262.31005859375,1200.43994140625,1260.6800537109375,32555620000,0.016951303718998646
2008-07-19 00:00:00-04:00,1261.8199462890625,1291.1700439453125,1248.8299560546875,1257.760009765625,28317240000,-0.002318931703947343
2008-07-26 00:00:00-04:00,1257.760009765625,1284.9300537109375,1234.3699951171875,1260.31005859375,25359450000,0.0020254001124998455
2008-08-02 00:00:00-04:00,1253.27001953125,1297.8499755859375,1247.449951171875,1296.3199462890625,20941200000,0.028171670658685383
2008-08-09 00:00:00-04:00,1294.4200439453125,1313.1500244140625,1274.8599853515625,1298.199951171875,22672020000,0.0014492124062621598
2008-08-16 00:00:00-04:00,1298.1400146484375,1300.219970703125,1261.1600341796875,1292.199951171875,20317740000,-0.004632497649945672
2008-08-23 00:00:00-04:00,1290.469970703125,1300.6800537109375,1263.2099609375,1282.8299560546875,17650180000,-0.0072776137058645695
2008-08-30 00:00:00-04:00,1287.8299560546875,1303.0400390625,1217.22998046875,1242.31005859375,20070120000,-0.03209594369354387
2008-09-06 00:00:00-04:00,1249.5,1274.4200439453125,1211.5400390625,1251.699951171875,34417920000,0.007529991386691121
2008-09-13 00:00:00-04:00,1250.9200439453125,1265.1199951171875,1133.5,1255.0799560546875,46641070000,0.0026966922156932784
2008-09-20 00:00:00-04:00,1255.3699951171875,1255.3699951171875,1179.7900390625,1213.27001953125,26635470000,-0.03388007064407281
2008-09-27 00:00:00-04:00,1209.0699462890625,1209.0699462890625,1098.1400146484375,1099.22998046875,31026630000,-0.0987092929922015
2008-10-04 00:00:00-04:00,1097.56005859375,1097.56005859375,839.7999877929688,899.219970703125,42016790000,-0.2008375075993092
2008-10-11 00:00:00-04:00,912.75,1044.31005859375,865.8300170898438,940.5499877929688,36533970000,0.04493710925578043
2008-10-18 00:00:00-04:00,943.510009765625,985.4400024414062,852.8499755859375,876.77001953125,30185400000,-0.07022007500412729
2008-10-25 00:00:00-04:00,874.280029296875,984.3800048828125,845.27001953125,968.75,32302980000,0.09976185811126408
2008-11-01 00:00:00-04:00,968.6699829101562,1007.510009765625,899.72998046875,930.989990234375,26484080000,-0.039758055076242624
2008-11-08 00:00:00-05:00,936.75,951.9500122070312,818.6900024414062,873.2899780273438,29064670000,-0.06398086221670037
2008-11-15 00:00:00-05:00,873.22998046875,882.2899780273438,741.02001953125,800.030029296875,36745200000,-0.08761839979007402
2008-11-22 00:00:00-05:00,801.2000122070312,896.25,801.2000122070312,896.239990234375,23366260000,0.11355895976971171
2008-11-29 00:00:00-05:00,888.6099853515625,888.6099853515625,815.6900024414062,876.0700073242188,30469750000,-0.02276221857427685
2008-12-06 00:00:00-05:00,882.7100219726562,918.5700073242188,851.3499755859375,879.72998046875,29662270000,0.0041690152307167555
2008-12-13 00:00:00-05:00,881.0700073242188,918.8499755859375,857.719970703125,887.8800048828125,29279860000,0.00922158421417428
2008-12-20 00:00:00-05:00,887.2000122070312,887.3699951171875,857.0900268554688,872.7999877929688,12348420000,-0.01713018369206257
2008-12-27 00:00:00-05:00,872.3699951171875,934.72998046875,857.0700073242188,931.7999877929688,15172440000,0.06541176574940888
2009-01-03 00:00:00-05:00,929.1699829101562,943.8499755859375,888.3099975585938,890.3499755859375,25219520000,-0.04550356985563646
2009-01-10 00:00:00-05:00,890.4000244140625,890.4000244140625,817.0399780273438,850.1199951171875,30293780000,-0.046237106179759714
2009-01-17 00:00:00-05:00,849.6400146484375,849.6400146484375,804.2999877929688,831.9500122070312,24519050000,-0.02160515271250536
2009-01-24 00:00:00-05:00,832.5,877.8599853515625,821.6699829101562,825.8800048828125,28010020000,-0.007322867105377615
2009-01-31 00:00:00-05:00,823.0900268554688,870.75,812.8699951171875,868.5999755859375,31088160000,0.05043320156441728
2009-02-07 00:00:00-05:00,868.239990234375,875.010009765625,808.0599975585938,826.8400268554688,30044110000,-0.049271453582671425
2009-02-14 00:00:00-05:00,818.6099853515625,818.6099853515625,754.25,770.0499877929688,25606060000,-0.07115580645846216
2009-02-21 00:00:00-05:00,773.25,780.1199951171875,734.52001953125,735.0900268554688,37753880000,-0.04646245472247378
2009-02-28 00:00:00-05:00,729.5700073242188,729.5700073242188,666.7899780273438,683.3800048828125,37964220000,-0.07294189626921957
2009-03-07 00:00:00-05:00,680.760009765625,758.2899780273438,672.8800048828125,756.5499877929688,37297180000,0.10171752780192823
2009-03-14 00:00:00-04:00,758.8400268554688,803.239990234375,749.9299926757812,768.5399780273438,39816380000,0.015723973718520877
2009-03-21 00:00:00-04:00,772.3099975585938,832.97998046875,772.3099975585938,815.9400024414062,34764100000,0.059848243360089794
2009-03-28 00:00:00-04:00,809.0700073242188,845.6099853515625,779.8099975585938,842.5,31434350000,0.03203283638545481
2009-04-04 00:00:00-04:00,839.75,856.9099731445312,814.530029296875,856.5599975585938,24904750000,0.01655070277325232
2009-04-11 00:00:00-04:00,855.3300170898438,875.6300048828125,835.5800170898438,869.5999755859375,34196510000,0.01510894273218123
2009-04-18 00:00:00-04:00,868.27001953125,871.7999877929688,826.8300170898438,866.22998046875,35415850000,-0.003882868064876297
2009-04-25 00:00:00-04:00,862.8200073242188,888.7000122070312,847.1199951171875,877.52001953125,30217790000,0.012949329693331735
2009-05-02 00:00:00-04:00,879.2100219726562,930.1699829101562,879.2100219726562,929.22998046875,39760120000,0.057256495833204156
2009-05-09 00:00:00-04:00,922.989990234375,922.989990234375,878.9400024414062,882.8800048828125,31688760000,-0.051166968634138235
2009-05-16 00:00:00-04:00,886.0700073242188,924.5999755859375,879.6099853515625,887.0,31698640000,0.004655685750107743
2009-05-23 00:00:00-04:00,887.0,920.02001953125,881.4600219726562,919.1400146484375,23155250000,0.0355934838801926
2009-05-30 00:00:00-04:00,923.260009765625,951.6900024414062,923.260009765625,940.0900268554688,28312350000,0.022537177738811275
2009-06-06 00:00:00-04:00,938.1199951171875,956.22998046875,926.4400024414062,946.2100219726562,24331760000,0.0064889110245214985
2009-06-13 00:00:00-04:00,942.4500122070312,942.4500122070312,903.780029296875,921.22998046875,25570130000,-0.026754842520140477
2009-06-20 00:00:00-04:00,918.1300048828125,922.0,888.8599853515625,918.9000244140625,25599580000,-0.0025323833573339095
2009-06-27 00:00:00-04:00,919.8599853515625,931.9199829101562,896.4199829101562,896.4199829101562,16689730000,-0.02476829499421092
2009-07-04 00:00:00-04:00,894.27001953125,898.719970703125,869.3200073242188,879.1300048828125,23366910000,-0.019476246441929173
2009-07-11 00:00:00-04:00,879.5700073242188,943.9600219726562,875.3200073242188,940.3800048828125,23927320000,0.06735126644692391
2009-07-18 00:00:00-04:00,942.0700073242188,979.7899780273438,940.989990234375,979.260009765625,25016500000,0.040513140276699056
2009-07-25 00:00:00-04:00,978.6300048828125,996.6799926757812,968.6500244140625,987.47998046875,26474660000,0.008359029263626945
2009-08-01 00:00:00-04:00,990.219970703125,1018.0,990.219970703125,1010.47998046875,32139730000,0.023024501510294178
2009-08-08 00:00:00-04:00,1008.8900146484375,1013.1400146484375,992.4000244140625,1004.0900268554688,26868820000,-0.006343760722573157
2009-08-15 00:00:00-04:00,998.1799926757812,1027.5899658203125,978.510009765625,1026.1300048828125,23323250000,0.02171276370126547
2009-08-22 00:00:00-04:00,1026.5899658203125,1039.469970703125,1016.2000122070312,1028.9300537109375,28722910000,0.0027250303942509195
2009-08-29 00:00:00-04:00,1025.2099609375,1028.449951171875,991.969970703125,1016.4000244140625,26431300000,-0.012252483043836446
2009-09-05 00:00:00-04:00,1018.6699829101562,1048.1800537109375,1018.6699829101562,1042.72998046875,20551690000,0.025575258643349176
2009-09-12 00:00:00-04:00,1040.1500244140625,1074.77001953125,1035.0,1068.300048828125,30234840000,0.02422639054872968
2009-09-19 00:00:00-04:00,1067.1400146484375,1080.1500244140625,1041.1700439453125,1044.3800048828125,25406510000,-0.022645233092336535
2009-09-26 00:00:00-04:00,1045.3800048828125,1069.6199951171875,1019.9500122070312,1025.2099609375,26050400000,-0.018525981031186235
2009-10-03 00:00:00-04:00,1026.8699951171875,1071.510009765625,1025.9200439453125,1071.489990234375,22333550000,0.04415276251017112
2009-10-10 00:00:00-04:00,1071.6300048828125,1096.56005859375,1066.7099609375,1087.6800537109375,23701850000,0.014996842844076158
2009-10-17 00:00:00-04:00,1088.219970703125,1101.3599853515625,1074.31005859375,1079.5999755859375,25592330000,-0.007456457359084039
2009-10-24 00:00:00-04:00,1080.3599853515625,1091.75,1033.3800048828125,1036.18994140625,30408570000,-0.0410401113896383
2009-10-31 00:00:00-04:00,1036.1800537109375,1071.47998046875,1029.3800048828125,1069.300048828125,26451130000,0.03145380628602289
2009-11-07 00:00:00-05:00,1072.31005859375,1105.3699951171875,1072.31005859375,1093.47998046875,21094360000,0.022360978766930068
2009-11-14 00:00:00-05:00,1094.1300048828125,1113.68994140625,1086.81005859375,1091.3800048828125,20612520000,-0.001922298222013888
2009-11-21 00:00:00-05:00,1094.8599853515625,1112.3800048828125,1083.739990234375,1091.489990234375,12928000000,0.00010077132573323299
2009-11-28 00:00:00-05:00,1091.0699462890625,1119.1300048828125,1086.25,1105.97998046875,22677340000,0.01318807577956544
2009-12-05 00:00:00-05:00,1105.52001953125,1110.719970703125,1085.8900146484375,1106.4100341796875,20754380000,0.0003887684481548851
2009-12-12 00:00:00-05:00,1107.8399658203125,1116.2099609375,1093.8800048828125,1102.469970703125,28364370000,-0.0035674800320427986
2009-12-19 00:00:00-05:00,1105.31005859375,1126.47998046875,1105.31005859375,1126.47998046875,12053050000,0.02154461877818273
2009-12-26 00:00:00-05:00,1127.530029296875,1130.3800048828125,1114.81005859375,1115.0999755859375,9561710000,-0.010153644193495072
2010-01-02 00:00:00-05:00,1116.56005859375,1145.3900146484375,1116.56005859375,1144.97998046875,21115350000,0.026443087451459835
2010-01-09 00:00:00-05:00,1145.9599609375,1150.4100341796875,1131.3900146484375,1136.030029296875,21816230000,-0.007847398356794075
2010-01-16 00:00:00-05:00,1136.030029296875,1150.449951171875,1090.1800537109375,1091.760009765625,22618330000,-0.0397486722972209
2010-01-23 00:00:00-05:00,1092.4000244140625,1103.68994140625,1071.5899658203125,1073.8699951171875,25397670000,-0.016522140509639602
2010-01-30 00:00:00-05:00,1073.8900146484375,1104.72998046875,1044.5,1066.18994140625,25411190000,-0.007177450079946463
2010-02-06 00:00:00-05:00,1065.510009765625,1080.0400390625,1056.510009765625,1075.510009765625,22017080000,0.008703485460364754
2010-02-13 00:00:00-05:00,1079.1300048828125,1112.4200439453125,1079.1300048828125,1109.1700439453125,16162900000,0.03081705073035844
2010-02-20 00:00:00-05:00,1110.0,1112.2900390625,1086.02001953125,1104.489990234375,20970170000,-0.004228346368936289
2010-02-27 00:00:00-05:00,1105.3599853515625,1139.3800048828125,1105.3599853515625,1138.699951171875,20011650000,0.030503536829065647
2010-03-06 00:00:00-05:00,1138.4000244140625,1153.4100341796875,1134.9000244140625,1149.989990234375,24026590000,0.00986602023942183
2010-03-13 00:00:00-05:00,1148.530029296875,1169.8399658203125,1141.449951171875,1159.9000244140625,22944000000,0.008580577360857638
2010-03-20 00:00:00-04:00,1157.25,1180.68994140625,1152.8800048828125,1166.5899658203125,23756390000,0.005751118529351529
2010-03-27 00:00:00-04:00,1167.7099609375,1181.4300537109375,1165.77001953125,1178.0999755859375,16951790000,0.00981801646322008
2010-04-03 00:00:00-04:00,1178.7099609375,1194.6600341796875,1175.1199951171875,1194.3699951171875,22307770000,0.013715895078861564
2010-04-10 00:00:00-04:00,1194.93994140625,1213.9200439453125,1186.77001953125,1192.1300048828125,29874510000,-0.001877218430484776
2010-04-17 00:00:00-04:00,1192.06005859375,1217.280029296875,1183.6800537109375,1217.280029296875,29000480000,0.0208772583672076
2010-04-24 00:00:00-04:00,1217.0699462890625,1219.800048828125,1181.6199951171875,1186.68994140625,31552280000,-0.02545101601419034
2010-05-01 00:00:00-04:00,1188.5799560546875,1205.1300048828125,1065.7900390625,1110.8800048828125,38419430000,-0.06601537112980733
2010-05-08 00:00:00-04:00,1122.27001953125,1173.5699462890625,1122.27001953125,1135.6800537109375,28958750000,0.022079139351798855
2010-05-15 00:00:00-04:00,1136.52001953125,1148.6600341796875,1055.9000244140625,1087.68994140625,32640260000,-0.0431755102760669
2010-05-22 00:00:00-04:00,1084.780029296875,1103.52001953125,1040.780029296875,1089.4100341796875,27644340000,0.001580169170584555
2010-05-29 00:00:00-04:00,1087.300048828125,1105.6700439453125,1060.5,1064.8800048828125,21474390000,-0.022774175322644596
2010-06-05 00:00:00-04:00,1065.8399658203125,1092.25,1042.1700439453125,1091.5999755859375,26847570000,0.024782366144709758
2010-06-12 00:00:00-04:00,1095.0,1121.010009765625,1089.030029296875,1117.510009765625,23186040000,0.02345851726349259
2010-06-19 00:00:00-04:00,1122.7900390625,1131.22998046875,1067.8900146484375,1076.760009765625,23498560000,-0.03714646356486292
2010-06-26 00:00:00-04:00,1077.5,1082.5999755859375,1010.9099731445312,1022.5800170898438,25504460000,-0.05162767898974427
2010-07-03 00:00:00-04:00,1028.0899658203125,1078.1600341796875,1018.3499755859375,1077.9599609375,17677490000,0.05274146761400874
2010-07-10 00:00:00-04:00,1077.22998046875,1099.4599609375,1063.3199462890625,1064.8800048828125,22438320000,-0.012208208467604103
2010-07-17 00:00:00-04:00,1066.8499755859375,1103.72998046875,1056.8800048828125,1102.6600341796875,22901430000,0.03486335218138572
2010-07-24 00:00:00-04:00,1102.8900146484375,1120.949951171875,1088.010009765625,1101.5999755859375,21356600000,-0.000961827253387832
2010-07-31 00:00:00-04:00,1107.530029296875,1128.75,1107.1700439453125,1121.6400146484375,19817300000,0.018028266790252354
2010-08-07 00:00:00-04:00,1122.800048828125,1129.239990234375,1076.68994140625,1079.25,20320520000,-0.03852555760674413
2010-08-14 00:00:00-04:00,1077.489990234375,1100.1400146484375,1063.9100341796875,1071.68994140625,18887030000,-0.007029568403818055
2010-08-21 00:00:00-04:00,1073.3599853515625,1081.5799560546875,1039.699951171875,1064.5899658203125,19756640000,-0.00664707064251578
2010-08-28 00:00:00-04:00,1062.9000244140625,1105.0999755859375,1040.8800048828125,1104.510009765625,18592350000,0.03681209014205271
2010-09-04 00:00:00-04:00,1102.5999755859375,1110.8800048828125,1091.1500244140625,1109.550048828125,12780950000,0.004552765177822011
2010-09-11 00:00:00-04:00,1113.3800048828125,1131.469970703125,1113.3800048828125,1125.5899658203125,19862160000,0.014352740534892258
2010-09-18 00:00:00-04:00,1126.5699462890625,1148.9000244140625,1122.7900390625,1148.6700439453125,19422610000,0.020297477344358845
2010-09-25 00:00:00-04:00,1148.6400146484375,1157.1600341796875,1132.0899658203125,1146.239990234375,20187050000,-0.002117777675790314
2010-10-02 00:00:00-04:00,1144.9599609375,1167.72998046875,1131.8699951171875,1165.1500244140625,19528080000,0.016362843117337267
2010-10-09 00:00:00-04:00,1165.3199462890625,1184.3800048828125,1155.7099609375,1176.18994140625,22245800000,0.009430496187768039
2010-10-16 00:00:00-04:00,1176.8299560546875,1189.4300537109375,1159.7099609375,1183.0799560546875,22881410000,0.005840819012419685
2010-10-23 00:00:00-04:00,1184.739990234375,1196.1400146484375,1171.699951171875,1183.260009765625,20582070000,0.0001521790730713114
2010-10-30 00:00:00-04:00,1185.7099609375,1227.0799560546875,1177.6500244140625,1225.8499755859375,23993790000,0.03536111168890859
2010-11-06 00:00:00-04:00,1223.239990234375,1226.8399658203125,1194.0799560546875,1199.2099609375,21491310000,-0.021971486919406993
2010-11-13 00:00:00-05:00,1200.43994140625,1207.4300537109375,1173.0,1199.72998046875,20887180000,0.0004335411074028182
2010-11-20 00:00:00-05:00,1198.0699462890625,1198.93994140625,1176.9100341796875,1189.4000244140625,12820640000,-0.00864751638122801
2010-11-27 00:00:00-05:00,1189.0799560546875,1225.5699462890625,1173.6400146484375,1224.7099609375,21212840000,0.029255050564701148
2010-12-04 00:00:00-05:00,1223.8699951171875,1240.4000244140625,1219.5,1240.4000244140625,24175410000,0.012729878545142024
2010-12-11 00:00:00-05:00,1242.52001953125,1246.72998046875,1232.8499755859375,1243.9100341796875,22270220000,0.0028257439839699384
2010-12-18 00:00:00-05:00,1245.760009765625,1259.3900146484375,1241.510009765625,1256.77001953125,10828420000,0.01028528115826751
2010-12-25 00:00:00-05:00,1254.6600341796875,1262.5999755859375,1251.47998046875,1257.6400146484375,10455790000,0.0006920073815164796
2011-01-01 00:00:00-05:00,1257.6199951171875,1278.1700439453125,1257.6199951171875,1271.5,23655220000,0.010960345429715804
2011-01-08 00:00:00-05:00,1270.8399658203125,1293.239990234375,1262.1800537109375,1293.239990234375,21286570000,0.016953383983280303
2011-01-15 00:00:00-05:00,1293.219970703125,1296.06005859375,1271.260009765625,1283.3499755859375,19899340000,-0.007676862326775875
2011-01-22 00:00:00-05:00,1283.2900390625,1302.6700439453125,1275.0999755859375,1276.3399658203125,23156650000,-0.005477247206689279
2011-01-29 00:00:00-05:00,1276.5,1311.0,1276.5,1310.8699951171875,21726860000,0.026694454864231824
2011-02-05 00:00:00-05:00,1311.8499755859375,1330.7900390625,1311.739990234375,1329.1500244140625,20109950000,0.013848623353376643
2011-02-12 00:00:00-05:00,1328.72998046875,1344.0699462890625,1324.6099853515625,1343.010009765625,12589110000,0.01037371225374571
2011-02-19 00:00:00-05:00,1338.9100341796875,1338.9100341796875,1294.260009765625,1319.8800048828125,7712050000,-0.01737254372688131
2011-02-26 00:00:00-05:00,1321.6099853515625,1332.280029296875,1302.5799560546875,1321.1500244140625,12022480000,0.0009617608395644188
2011-03-05 00:00:00-05:00,1322.719970703125,1327.6800537109375,1291.989990234375,1304.280029296875,20669090000,-0.01285140107082551
2011-03-12 00:00:00-05:00,1301.18994140625,1301.18994140625,1249.050048828125,1279.2099609375,23905220000,-0.019408517486571384
2011-03-19 00:00:00-04:00,1281.6500244140625,1319.1800537109375,1281.6500244140625,1313.800048828125,20090110000,0.02668106928531144
2011-03-26 00:00:00-04:00,1315.449951171875,1337.8499755859375,1305.260009765625,1332.4100341796875,18297330000,0.014065619573626276
2011-04-02 00:00:00-04:00,1333.56005859375,1339.4599609375,1322.93994140625,1328.1700439453125,19888170000,-0.0031872702187249716
2011-04-09 00:00:00-04:00,1329.010009765625,1333.77001953125,1302.4200439453125,1319.6800537109375,19701690000,-0.006412764330386846
2011-04-16 00:00:00-04:00,1313.3499755859375,1337.489990234375,1294.699951171875,1337.3800048828125,15933560000,0.013323156121519748
2011-04-23 00:00:00-04:00,1337.1400146484375,1364.56005859375,1331.469970703125,1363.6099853515625,17617650000,0.019423104253381188
2011-04-30 00:00:00-04:00,1365.2099609375,1370.5799560546875,1329.1700439453125,1340.199951171875,20363720000,-0.01731676391774843
2011-05-07 00:00:00-04:00,1340.199951171875,1359.43994140625,1332.030029296875,1337.77001953125,19539110000,-0.0018147569495487292
2011-05-14 00:00:00-04:00,1334.77001953125,1346.8199462890625,1318.510009765625,1333.27001953125,19514380000,-0.0033694772011691144
2011-05-21 00:00:00-04:00,1333.0699462890625,1334.6199951171875,1311.800048828125,1331.0999755859375,17595530000,-0.0016289362431856714
2011-05-28 00:00:00-04:00,1331.0999755859375,1345.199951171875,1297.9000244140625,1300.1600341796875,16204530000,-0.0235182896235115
2011-06-04 00:00:00-04:00,1300.260009765625,1300.260009765625,1268.280029296875,1270.97998046875,18551800000,-0.022699119030852206
2011-06-11 00:00:00-04:00,1271.31005859375,1292.5,1258.0699462890625,1271.5,20466010000,0.0004090648048331687
2011-06-18 00:00:00-04:00,1271.5,1298.6099853515625,1262.8699951171875,1268.449951171875,19888020000,-0.0024016617278376563
2011-06-25 00:00:00-04:00,1268.43994140625,1341.010009765625,1267.530029296875,1339.6700439453125,19505540000,0.05462770362788597
2011-07-02 00:00:00-04:00,1339.5899658203125,1356.47998046875,1330.9200439453125,1343.800048828125,14950400000,0.0030781100596834485
2011-07-09 00:00:00-04:00,1343.31005859375,1343.31005859375,1306.510009765625,1316.1400146484375,20768430000,-0.020798236486340677
2011-07-16 00:00:00-04:00,1315.93994140625,1347.0,1295.9200439453125,1345.02001953125,20550440000,0.021705675999453406
2011-07-23 00:00:00-04:00,1344.3199462890625,1344.3199462890625,1282.8599853515625,1292.280029296875,21035970000,-0.04000077453554276
2011-07-30 00:00:00-04:00,1292.5899658203125,1307.3800048828125,1168.0899658203125,1199.3800048828125,26341740000,-0.07460336213715124
2011-08-06 00:00:00-04:00,1198.47998046875,1198.47998046875,1101.5400390625,1178.81005859375,19325310000,-0.01729925592566383
2011-08-13 00:00:00-04:00,1178.8599853515625,1208.469970703125,1122.050048828125,1123.530029296875,22135160000,-0.04802996412234503
2011-08-20 00:00:00-04:00,1123.550048828125,1190.6800537109375,1121.0899658203125,1176.800048828125,26548480000,0.0463233911651991
2011-08-27 00:00:00-04:00,1177.9100341796875,1230.7099609375,1170.56005859375,1173.969970703125,23250630000,-0.0024077893360523145
2011-09-03 00:00:00-04:00,1173.969970703125,1204.4000244140625,1140.1300048828125,1154.22998046875,18596560000,-0.01695770439672702
2011-09-10 00:00:00-04:00,1153.5,1220.06005859375,1136.0699462890625,1216.010009765625,24565280000,0.05214157716064809
2011-09-17 00:00:00-04:00,1214.989990234375,1220.3900146484375,1114.219970703125,1136.4300537109375,25641420000,-0.06768319815771198
2011-09-24 00:00:00-04:00,1136.9100341796875,1195.8599853515625,1131.0699462890625,1131.4200439453125,24801410000,-0.004418297241938318
2011-10-01 00:00:00-04:00,1131.2099609375,1171.4000244140625,1074.77001953125,1155.4599609375,22574340000,0.021024979451738562
2011-10-08 00:00:00-04:00,1158.1500244140625,1224.6099853515625,1158.1500244140625,1224.5799560546875,22779620000,0.05809939290152092
2011-10-15 00:00:00-04:00,1224.469970703125,1239.030029296875,1191.47998046875,1238.25,23838320000,0.011101200307353945
2011-10-22 00:00:00-04:00,1238.719970703125,1292.6600341796875,1221.06005859375,1285.0899658203125,24561180000,0.03712963572175275
2011-10-29 00:00:00-04:00,1284.9599609375,1284.9599609375,1215.4200439453125,1253.22998046875,22746070000,-0.02510452526643411
2011-11-05 00:00:00-04:00,1253.2099609375,1277.550048828125,1226.6400146484375,1263.8499755859375,19370910000,0.008438395537898897
2011-11-12 00:00:00-05:00,1263.8499755859375,1264.25,1209.4300537109375,1215.6500244140625,19328050000,-0.038883665230388054
2011-11-19 00:00:00-05:00,1215.6199951171875,1215.6199951171875,1158.6600341796875,1158.6700439453125,13424920000,-0.04800609972080131
2011-11-26 00:00:00-05:00,1158.6700439453125,1260.0799560546875,1158.6700439453125,1244.280029296875,21678300000,0.07128423939305459
2011-12-03 00:00:00-05:00,1244.3299560546875,1267.06005859375,1231.469970703125,1255.18994140625,20171810000,0.008729835944605293
2011-12-10 00:00:00-05:00,1255.050048828125,1255.050048828125,1209.469970703125,1219.6600341796875,21176570000,-0.028714749462239612
2011-12-17 00:00:00-05:00,1219.739990234375,1265.4200439453125,1202.3699951171875,1265.3299560546875,16400510000,0.03676076359017582
2011-12-24 00:00:00-05:00,1265.02001953125,1269.3699951171875,1248.6400146484375,1257.5999755859375,9030550000,-0.006127799714247168
2011-12-31 00:00:00-05:00,1258.8599853515625,1284.6199951171875,1258.8599853515625,1277.81005859375,15509070000,0.015942597681569862
2012-01-07 00:00:00-05:00,1277.8299560546875,1296.8199462890625,1274.550048828125,1289.0899658203125,19273940000,0.008788795611001035
2012-01-14 00:00:00-05:00,1290.219970703125,1315.489990234375,1290.219970703125,1315.3800048828125,16485160000,0.02018908440892641
2012-01-21 00:00:00-05:00,1315.2900390625,1333.469970703125,1306.06005859375,1316.3299560546875,20404830000,0.0007219269807334623
2012-01-28 00:00:00-05:00,1316.1600341796875,1345.3399658203125,1300.489990234375,1344.9000244140625,21128390000,0.021472151038617392
2012-02-04 00:00:00-05:00,1344.3199462890625,1354.3199462890625,1335.9200439453125,1342.6400146484375,19306360000,-0.0016818430724734753
2012-02-11 00:00:00-05:00,1343.06005859375,1363.4000244140625,1340.800048828125,1361.22998046875,19414420000,0.013750852502571912
2012-02-18 00:00:00-05:00,1361.219970703125,1368.9200439453125,1352.280029296875,1365.739990234375,14720720000,0.003307710701665001
2012-02-25 00:00:00-05:00,1365.199951171875,1378.0400390625,1354.9200439453125,1369.6300048828125,18913110000,0.0028442348039153394
2012-03-03 00:00:00-05:00,1369.5899658203125,1374.760009765625,1340.030029296875,1370.8699951171875,18383450000,0.0009049372880825417
2012-03-10 00:00:00-05:00,1370.780029296875,1405.8800048828125,1366.68994140625,1404.1700439453125,21406220000,0.02400084096688665
2012-03-17 00:00:00-04:00,1404.1700439453125,1414.0,1386.8699951171875,1397.1099853515625,18414980000,-0.005040605343435108
2012-03-24 00:00:00-04:00,1397.1099853515625,1419.1500244140625,1391.56005859375,1408.469970703125,18492280000,0.008098181204787088
2012-03-31 00:00:00-04:00,1408.469970703125,1422.3800048828125,1392.9200439453125,1398.0799560546875,14636130000,-0.007404152704118275
2012-04-07 00:00:00-04:00,1397.449951171875,1397.449951171875,1357.3800048828125,1370.260009765625,19093190000,-0.02009932536568482
2012-04-14 00:00:00-04:00,1370.27001953125,1392.760009765625,1365.3800048828125,1378.530029296875,18507460000,0.006017225300170444
2012-04-21 00:00:00-04:00,1378.530029296875,1406.6400146484375,1358.7900390625,1403.3599853515625,18950920000,0.017851615500013594
2012-04-28 00:00:00-04:00,1403.260009765625,1415.3199462890625,1367.9599609375,1369.0999755859375,19165870000,-0.024715778957441255
2012-05-05 00:00:00-04:00,1368.7900390625,1373.9100341796875,1343.1300048828125,1353.3900146484375,19706660000,-0.011541005011750163
2012-05-12 00:00:00-04:00,1351.9300537109375,1351.9300537109375,1291.97998046875,1295.219970703125,21259330000,-0.04393202454014809
2012-05-19 00:00:00-04:00,1295.72998046875,1328.489990234375,1295.72998046875,1317.8199462890625,18829090000,0.017298273161357312
2012-05-26 00:00:00-04:00,1318.9000244140625,1334.9300537109375,1277.25,1278.0400390625,16202900000,-0.030651130500373713
2012-06-02 00:00:00-04:00,1278.2900390625,1329.050048828125,1266.739990234375,1325.6600341796875,19438880000,0.03658278947721727
2012-06-09 00:00:00-04:00,1325.719970703125,1343.3199462890625,1306.6199951171875,1342.8399658203125,18576250000,0.012876274316750926
2012-06-16 00:00:00-04:00,1342.4200439453125,1363.4599609375,1324.4100341796875,1335.02001953125,20136440000,-0.005840461085095013
2012-06-23 00:00:00-04:00,1334.9000244140625,1362.1700439453125,1309.27001953125,1362.1600341796875,18761520000,0.02012541257918839
2012-06-30 00:00:00-04:00,1362.3299560546875,1374.81005859375,1348.030029296875,1354.6800537109375,11204700000,-0.005506396494772108
2012-07-07 00:00:00-04:00,1354.6600341796875,1361.5400390625,1325.4100341796875,1356.780029296875,16669120000,0.0015489632460150388
2012-07-14 00:00:00-04:00,1356.5,1380.3900146484375,1345.0699462890625,1362.6600341796875,18040410000,0.00432442996271853
2012-07-21 00:00:00-04:00,1362.3399658203125,1389.18994140625,1329.239990234375,1385.969970703125,20155950000,0.016961537437152115
2012-07-28 00:00:00-04:00,1385.93994140625,1394.1600341796875,1354.6500244140625,1390.989990234375,19419460000,0.003615482448590204
2012-08-04 00:00:00-04:00,1391.0400390625,1407.1400146484375,1391.0400390625,1405.8699951171875,15913920000,0.010640607936381446
2012-08-11 00:00:00-04:00,1405.8699951171875,1418.7099609375,1397.3199462890625,1418.1600341796875,14123730000,0.00870395606621697
2012-08-18 00:00:00-04:00,1417.8499755859375,1426.6800537109375,1398.0400390625,1411.1300048828125,14718990000,-0.004969475499101051
2012-08-25 00:00:00-04:00,1411.1300048828125,1416.1700439453125,1397.010009765625,1406.5799560546875,13141340000,-0.0032296104610474315
2012-09-01 00:00:00-04:00,1406.5400390625,1437.9200439453125,1396.56005859375,1437.9200439453125,14259910000,0.02203646062497291
2012-09-08 00:00:00-04:00,1437.9200439453125,1474.510009765625,1428.97998046875,1465.77001953125,20023040000,0.01918305949604935
2012-09-15 00:00:00-04:00,1465.4200439453125,1467.0699462890625,1449.97998046875,1460.1500244140625,18527570000,-0.0038415280965471525
2012-09-22 00:00:00-04:00,1459.760009765625,1463.239990234375,1430.530029296875,1440.6700439453125,16973760000,-0.013430873228220817
2012-09-29 00:00:00-04:00,1440.9000244140625,1470.9599609375,1439.010009765625,1460.9300537109375,17147310000,0.013964942335916263
2012-10-06 00:00:00-04:00,1460.9300537109375,1460.9300537109375,1425.530029296875,1428.5899658203125,15577390000,-0.0223853360680838
2012-10-13 00:00:00-04:00,1428.75,1464.02001953125,1427.239990234375,1433.18994140625,18463100000,0.0032147682188614453
2012-10-20 00:00:00-04:00,1433.2099609375,1435.4599609375,1403.280029296875,1411.93994140625,16987410000,-0.014938084396024736
2012-10-27 00:00:00-04:00,1410.989990234375,1434.27001953125,1405.949951171875,1414.199951171875,11239480000,0.0015993619093739237
2012-11-03 00:00:00-04:00,1414.02001953125,1433.3800048828125,1373.030029296875,1379.8499755859375,18011370000,-0.02458918574510748
2012-11-10 00:00:00-05:00,1379.8599853515625,1388.81005859375,1343.3499755859375,1359.8800048828125,18107380000,-0.014578315764365354
2012-11-17 00:00:00-05:00,1359.8800048828125,1409.1600341796875,1359.8800048828125,1409.1500244140625,10754010000,0.035590238905315257
2012-11-24 00:00:00-05:00,1409.1500244140625,1419.699951171875,1385.4300537109375,1416.1800537109375,16954180000,0.004976440706521049
2012-12-01 00:00:00-05:00,1416.3399658203125,1423.72998046875,1398.22998046875,1418.0699462890625,16930770000,0.0013336105553325584
2012-12-08 00:00:00-05:00,1418.0699462890625,1438.5899658203125,1411.8800048828125,1413.5799560546875,16918840000,-0.0031712917572742252
2012-12-15 00:00:00-05:00,1413.5400390625,1448.0,1413.5400390625,1430.1500244140625,20543390000,0.01165388838518933
2012-12-22 00:00:00-05:00,1430.1500244140625,1430.1500244140625,1401.5799560546875,1402.4300537109375,8790850000,-0.01957286635242005
2012-12-29 00:00:00-05:00,1402.4300537109375,1467.93994140625,1398.1099853515625,1466.469970703125,14660950000,0.044651647784039725
2013-01-05 00:00:00-05:00,1466.469970703125,1472.75,1451.6400146484375,1472.050048828125,18003450000,0.003797887913059275
2013-01-12 00:00:00-05:00,1472.050048828125,1485.97998046875,1463.760009765625,1485.97998046875,17024890000,0.009418453819846651
2013-01-19 00:00:00-05:00,1485.97998046875,1503.260009765625,1481.1600341796875,1502.9599609375,14298680000,0.011361996875417037
2013-01-26 00:00:00-05:00,1502.9599609375,1514.4100341796875,1496.3299560546875,1513.1700439453125,18901190000,0.00677034610027884
2013-02-02 00:00:00-05:00,1513.1700439453125,1518.31005859375,1495.02001953125,1517.9300537109375,17220660000,0.0031407829007284575
2013-02-09 00:00:00-05:00,1517.9300537109375,1524.68994140625,1513.6099853515625,1519.7900390625,17082600000,0.001224593133796433
2013-02-16 00:00:00-05:00,1519.7900390625,1530.93994140625,1497.2900390625,1515.5999755859375,15683400000,-0.002760809067535524
2013-02-23 00:00:00-05:00,1515.5999755859375,1525.8399658203125,1485.010009765625,1518.199951171875,19146110000,0.0017140063848820478
2013-03-02 00:00:00-05:00,1518.199951171875,1552.47998046875,1512.2900390625,1551.1800537109375,17988980000,0.021490575806425563
2013-03-09 00:00:00-05:00,1551.1500244140625,1563.6199951171875,1547.3599853515625,1560.699951171875,18074930000,0.006118441035225874
2013-03-16 00:00:00-04:00,1560.699951171875,1561.56005859375,1538.5699462890625,1556.8900146484375,16501510000,-0.002444156198787532
2013-03-23 00:00:00-04:00,1556.8900146484375,1570.280029296875,1546.219970703125,1569.18994140625,12266080000,0.007869274237314362
2013-03-30 00:00:00-04:00,1569.1800537109375,1573.6600341796875,1539.5,1553.280029296875,16991960000,-0.010190682341514243
2013-04-06 00:00:00-04:00,1553.260009765625,1597.3499755859375,1548.6300048828125,1588.8499755859375,16193490000,0.022641625762424608
2013-04-13 00:00:00-04:00,1588.8399658203125,1588.8399658203125,1536.030029296875,1555.25,20025810000,-0.021374164326773915
2013-04-20 00:00:00-04:00,1555.25,1592.6400146484375,1548.18994140625,1582.239990234375,17250470000,0.017205253954526458
2013-04-27 00:00:00-04:00,1582.3399658203125,1618.4599609375,1581.280029296875,1614.4200439453125,17137450000,0.02013422789691608
2013-05-04 00:00:00-04:00,1614.4000244140625,1635.010009765625,1614.2099609375,1633.699951171875,16470390000,0.01187156489782985
2013-05-11 00:00:00-04:00,1632.0999755859375,1667.469970703125,1626.739990234375,1667.469970703125,16979670000,0.020460138909382745
2013-05-18 00:00:00-04:00,1665.7099609375,1687.1800537109375,1635.530029296875,1649.5999755859375,17853250000,-0.01077467059107843
2013-05-25 00:00:00-04:00,1652.6300048828125,1674.2099609375,1630.739990234375,1630.739990234375,14642760000,-0.011498925941549314
2013-06-01 00:00:00-04:00,1631.7099609375,1646.530029296875,1598.22998046875,1643.3800048828125,18157630000,0.007721205981390248
2013-06-08 00:00:00-04:00,1644.6700439453125,1648.68994140625,1608.0699462890625,1626.72998046875,15935010000,-0.010183246661607945
2013-06-15 00:00:00-04:00,1630.6400146484375,1654.18994140625,1577.699951171875,1592.4300537109375,20459250000,-0.021310667675756494
2013-06-22 00:00:00-04:00,1588.77001953125,1620.0699462890625,1560.3299560546875,1606.280029296875,20394900000,0.00865977958569404
2013-06-29 00:00:00-04:00,1609.780029296875,1632.0699462890625,1604.5699462890625,1631.8900146484375,11022010000,0.015817896517140582
2013-07-06 00:00:00-04:00,1634.199951171875,1680.18994140625,1634.199951171875,1680.18994140625,16166370000,0.029167986099309855
2013-07-13 00:00:00-04:00,1679.5899658203125,1693.1199951171875,1671.8399658203125,1692.0899658203125,15613300000,0.007057583673899604
2013-07-20 00:00:00-04:00,1694.4100341796875,1698.780029296875,1676.030029296875,1691.6500244140625,15296700000,-0.0002600326325301049
2013-07-27 00:00:00-04:00,1690.3199462890625,1709.6700439453125,1681.8599853515625,1709.6700439453125,16920240000,0.010595996712331813
2013-08-03 00:00:00-04:00,1708.010009765625,1709.239990234375,1684.9100341796875,1691.4200439453125,14910070000,-0.0107319563374398
2013-08-10 00:00:00-04:00,1688.3699951171875,1696.81005859375,1652.6099853515625,1655.8299560546875,15334290000,-0.02126607165255452
2013-08-17 00:00:00-04:00,1655.25,1664.8499755859375,1639.4300537109375,1663.5,13950930000,0.0046214493274975834
2013-08-24 00:00:00-04:00,1664.2900390625,1669.510009765625,1627.469970703125,1632.969970703125,13695720000,-0.018523391693812327
2013-08-31 00:00:00-04:00,1635.949951171875,1664.8299560546875,1633.4100341796875,1655.1700439453125,13124750000,0.013503324354769452
2013-09-07 00:00:00-04:00,1656.8499755859375,1689.969970703125,1656.8499755859375,1687.989990234375,15772830000,0.019634717062892607
2013-09-14 00:00:00-04:00,1691.699951171875,1729.8599853515625,1691.699951171875,1709.9100341796875,18657960000,0.012902291339460003
2013-09-21 00:00:00-04:00,1711.43994140625,1711.43994140625,1687.1099853515625,1691.75,15310240000,-0.010677261409506308
2013-09-28 00:00:00-04:00,1687.260009765625,1696.550048828125,1670.3599853515625,1690.5,15855840000,-0.0007391529643941745
2013-10-05 00:00:00-04:00,1687.1500244140625,1703.43994140625,1646.469970703125,1703.199951171875,16132530000,0.007484462762866205
2013-10-12 00:00:00-04:00,1699.8599853515625,1745.31005859375,1692.1300048828125,1744.5,16512980000,0.023959175716021835
2013-10-19 00:00:00-04:00,1745.199951171875,1759.8199462890625,1740.5,1759.77001953125,17464350000,0.008715148146325439
2013-10-26 00:00:00-04:00,1759.4200439453125,1775.219970703125,1752.699951171875,1761.6400146484375,17676620000,0.001062071883033149
2013-11-02 00:00:00-04:00,1763.4000244140625,1774.5400390625,1746.199951171875,1770.6099853515625,18014020000,0.005078910034714829
2013-11-09 00:00:00-05:00,1769.9599609375,1798.219970703125,1760.6400146484375,1798.1800537109375,15476450000,0.015450960434184011
2013-11-16 00:00:00-05:00,1798.8199462890625,1804.8399658203125,1777.22998046875,1804.760009765625,15813880000,0.0036525522235185777
2013-11-23 00:00:00-05:00,1806.3299560546875,1813.550048828125,1800.5799560546875,1805.81005859375,10637550000,0.0005816526686083923
2013-11-30 00:00:00-05:00,1806.550048828125,1810.02001953125,1779.0899658203125,1805.0899658203125,16668560000,-0.0003988439326010308
2013-12-07 00:00:00-05:00,1806.2099609375,1811.52001953125,1772.280029296875,1775.3199462890625,16086600000,-0.016629774987975434
2013-12-14 00:00:00-05:00,1777.47998046875,1823.75,1767.989990234375,1818.3199462890625,19402600000,0.023932310214495992
2013-12-21 00:00:00-05:00,1822.9200439453125,1844.8900146484375,1822.9200439453125,1841.4000244140625,8194360000,0.012613196801036917
2013-12-28 00:00:00-05:00,1841.469970703125,1849.43994140625,1827.739990234375,1831.3699951171875,10461570000,-0.005461847149692692
2014-01-04 00:00:00-05:00,1832.31005859375,1843.22998046875,1823.72998046875,1842.3699951171875,17375600000,0.005988465652150245
2014-01-11 00:00:00-05:00,1841.260009765625,1850.8399658203125,1815.52001953125,1838.699951171875,17839850000,-0.001994010010618468
2014-01-18 00:00:00-05:00,1841.050048828125,1849.31005859375,1790.2900390625,1790.2900390625,15747340000,-0.026681133899325943
2014-01-25 00:00:00-05:00,1791.030029296875,1798.77001953125,1770.449951171875,1782.5899658203125,19054250000,-0.004310295981435309
2014-02-01 00:00:00-05:00,1782.6800537109375,1798.030029296875,1737.9200439453125,1797.02001953125,20380140000,0.008062404527610848
2014-02-08 00:00:00-05:00,1796.199951171875,1841.6500244140625,1791.8299560546875,1838.6300048828125,16742180000,0.02289098346411309
2014-02-15 00:00:00-05:00,1839.030029296875,1847.5,1824.5799560546875,1836.25,13891540000,-0.0012952832268843147
2014-02-22 00:00:00-05:00,1836.780029296875,1867.9200439453125,1836.780029296875,1859.449951171875,18711730000,0.01255527030743595
2014-03-01 00:00:00-05:00,1857.6800537109375,1883.5699462890625,1834.43994140625,1878.0400390625,17512170000,0.009947981799995476
2014-03-08 00:00:00-05:00,1877.8599853515625,1882.3499755859375,1839.5699462890625,1841.1300048828125,16641060000,-0.019849184406554143
2014-03-15 00:00:00-04:00,1842.81005859375,1883.969970703125,1842.81005859375,1866.52001953125,17678140000,0.013696228814690603
2014-03-22 00:00:00-04:00,1867.6700439453125,1875.9200439453125,1842.1099853515625,1857.6199951171875,16779360000,-0.004779649165984365
2014-03-29 00:00:00-04:00,1859.1600341796875,1897.280029296875,1859.1600341796875,1865.0899658203125,16381500000,0.004013195122524161
2014-04-05 00:00:00-04:00,1863.9200439453125,1872.530029296875,1814.3599853515625,1815.68994140625,18333880000,-0.026843762487291617
2014-04-12 00:00:00-04:00,1818.1800537109375,1869.6300048828125,1815.800048828125,1864.8499755859375,13344490000,0.026715079324304402
2014-04-19 00:00:00-04:00,1865.7900390625,1884.8900146484375,1859.699951171875,1863.4000244140625,15348510000,-0.0007778186789924798
2014-04-26 00:00:00-04:00,1865.0,1891.3299560546875,1850.6099853515625,1881.1400146484375,18038030000,0.009475194695633817
2014-05-03 00:00:00-04:00,1879.449951171875,1889.0699462890625,1859.7900390625,1878.47998046875,16112380000,-0.0014150550465254809
2014-05-10 00:00:00-04:00,1880.030029296875,1902.1700439453125,1862.3599853515625,1877.8599853515625,15469770000,-0.0003301059693526316
2014-05-17 00:00:00-04:00,1876.6600341796875,1901.260009765625,1868.1400146484375,1900.530029296875,13605170000,0.011999987241506468
2014-05-24 00:00:00-04:00,1902.010009765625,1924.030029296875,1902.010009765625,1923.5699462890625,11860010000,0.01204999656193312
2014-05-31 00:00:00-04:00,1923.8699951171875,1949.43994140625,1915.97998046875,1949.43994140625,14147690000,0.013359315168568486
2014-06-07 00:00:00-04:00,1948.969970703125,1955.550048828125,1925.780029296875,1936.1600341796875,13863870000,-0.006835474066897989
2014-06-14 00:00:00-04:00,1934.8399658203125,1963.9100341796875,1930.9100341796875,1962.8699951171875,16251000000,0.013701037727246186
2014-06-21 00:00:00-04:00,1962.9200439453125,1968.1700439453125,1944.68994140625,1960.9599609375,15983470000,-0.0009735561183546749
2014-06-28 00:00:00-04:00,1960.7900390625,1985.5899658203125,1958.219970703125,1985.43994140625,11075160000,0.012406393202616581
2014-07-05 00:00:00-04:00,1984.219970703125,1984.219970703125,1952.8599853515625,1967.5699462890625,14692810000,-0.009041271009171676
2014-07-12 00:00:00-04:00,1969.8599853515625,1983.93994140625,1955.5899658203125,1978.219970703125,15952350000,0.005398184140693239
2014-07-19 00:00:00-04:00,1976.9300537109375,1991.3900146484375,1965.77001953125,1978.3399658203125,14213850000,6.065628684994475e-05
2014-07-26 00:00:00-04:00,1978.25,1984.8499755859375,1916.3699951171875,1925.1500244140625,17417530000,-0.027254192487279255
2014-08-02 00:00:00-04:00,1926.6199951171875,1942.9200439453125,1904.780029296875,1931.5899658203125,16207390000,0.003339580789908997
2014-08-09 00:00:00-04:00,1933.4300537109375,1964.0400390625,1928.2900390625,1955.06005859375,13747450000,0.012077433220323038
2014-08-16 00:00:00-04:00,1958.3599853515625,1994.760009765625,1958.3599853515625,1988.4000244140625,12814930000,0.01690939404284951
2014-08-23 00:00:00-04:00,1991.739990234375,2005.0400390625,1990.52001953125,2003.3699951171875,11571710000,0.007500452586205871
2014-08-30 00:00:00-04:00,2004.0699462890625,2011.1700439453125,1990.0999755859375,2007.7099609375,11520670000,0.0021639895297418743
2014-09-06 00:00:00-04:00,2007.1700439453125,2007.1700439453125,1980.260009765625,1985.5400390625,14732610000,-0.011103812513916997
2014-09-13 00:00:00-04:00,1986.0400390625,2019.260009765625,1978.47998046875,2010.4000244140625,17261820000,0.012442782272471925
2014-09-20 00:00:00-04:00,2009.0799560546875,2009.0799560546875,1965.989990234375,1982.8499755859375,16145360000,-0.013798527992358974
2014-09-27 00:00:00-04:00,1978.9599609375,1985.1700439453125,1926.030029296875,1967.9000244140625,18807610000,-0.00756819466171248
2014-10-04 00:00:00-04:00,1970.010009765625,1977.8399658203125,1906.050048828125,1906.1300048828125,20382540000,-0.03189198560299361
2014-10-11 00:00:00-04:00,1905.6500244140625,1912.0899658203125,1820.6600341796875,1886.760009765625,24810660000,-0.010213933670145161
2014-10-18 00:00:00-04:00,1885.6199951171875,1965.27001953125,1882.300048828125,1964.5799560546875,17947860000,0.040417382184735964
2014-10-25 00:00:00-04:00,1962.969970703125,2018.18994140625,1951.3699951171875,2018.050048828125,18810910000,0.02685326317845176
2014-11-01 00:00:00-04:00,2018.2099609375,2034.260009765625,2001.010009765625,2031.9200439453125,18652340000,0.006849457662848928
2014-11-08 00:00:00-05:00,2032.010009765625,2046.1800537109375,2030.1700439453125,2039.8199462890625,16172310000,0.003880361847875275
2014-11-15 00:00:00-05:00,2038.2900390625,2071.4599609375,2034.4599609375,2063.5,17004640000,0.011542027872669162
2014-11-22 00:00:00-05:00,2065.070068359375,2075.760009765625,2064.75,2067.56005859375,11770900000,0.001965626179913172
2014-11-29 00:00:00-05:00,2065.780029296875,2079.469970703125,2049.570068359375,2075.3701171875,18286300000,0.0037703111151760164
2014-12-06 00:00:00-05:00,2074.840087890625,2075.780029296875,2002.3299560546875,2002.3299560546875,19961180000,-0.03582802697863584
2014-12-13 00:00:00-05:00,2005.030029296875,2077.85009765625,1972.56005859375,2070.64990234375,25431950000,0.033551039959320954
2014-12-20 00:00:00-05:00,2069.280029296875,2092.699951171875,2069.280029296875,2088.77001953125,9565680000,0.008712864850678018
2014-12-27 00:00:00-05:00,2087.6298828125,2093.550048828125,2046.0400390625,2058.199951171875,10207410000,-0.014743594640800555
2015-01-03 00:00:00-05:00,2054.43994140625,2064.429931640625,1992.43994140625,2044.81005859375,19362860000,-0.006526886398334386
2015-01-10 00:00:00-05:00,2046.1300048828125,2056.929931640625,1988.1199951171875,2019.4200439453125,20275570000,-0.012494541065562668
2015-01-17 00:00:00-05:00,2020.760009765625,2064.6201171875,2004.489990234375,2051.820068359375,15424020000,0.015916874246918046
2015-01-24 00:00:00-05:00,2050.419921875,2057.6201171875,1989.1800537109375,1994.989990234375,19558890000,-0.02808820457631138
2015-01-31 00:00:00-05:00,1996.6700439453125,2072.39990234375,1980.9000244140625,2055.469970703125,20821110000,0.02986548510424625
2015-02-07 00:00:00-05:00,2053.469970703125,2097.030029296875,2041.8800048828125,2096.989990234375,18132050000,0.019998460527117463
2015-02-14 00:00:00-05:00,2096.469970703125,2110.610107421875,2085.43994140625,2110.300048828125,13260470000,0.006327162079906648
2015-02-21 00:00:00-05:00,2109.830078125,2119.590087890625,2103.0,2104.5,16561930000,-0.0027522313856432573
2015-02-28 00:00:00-05:00,2105.22998046875,2117.52001953125,2067.27001953125,2071.260009765625,17049500000,-0.015920786764270077
2015-03-07 00:00:00-05:00,2072.25,2083.489990234375,2039.68994140625,2053.39990234375,17328980000,-0.008660214139809948
2015-03-14 00:00:00-04:00,2055.35009765625,2113.919921875,2055.35009765625,2108.10009765625,19504990000,0.026290205884011996
2015-03-21 00:00:00-04:00,2107.989990234375,2114.860107421875,2045.5,2061.02001953125,16498140000,-0.02258609884351382
2015-03-28 00:00:00-04:00,2064.110107421875,2088.969970703125,2048.3798828125,2066.9599609375,12933470000,0.002877894531485438
2015-04-04 00:00:00-04:00,2064.8701171875,2102.610107421875,2056.52001953125,2102.06005859375,15962370000,0.016838934269007736
2015-04-11 00:00:00-04:00,2102.030029296875,2111.909912109375,2072.3701171875,2081.179931640625,17285170000,-0.009982836464490254
2015-04-18 00:00:00-04:00,2084.110107421875,2120.919921875,2084.110107421875,2117.68994140625,16604500000,0.017390836602460866
2015-04-25 00:00:00-04:00,2119.2900390625,2125.919921875,2077.590087890625,2108.2900390625,18949060000,-0.004448633400754257
2015-05-02 00:00:00-04:00,2110.22998046875,2120.949951171875,2067.929931640625,2116.10009765625,17753820000,0.003697607105137677
2015-05-09 00:00:00-04:00,2115.56005859375,2123.889892578125,2085.570068359375,2122.72998046875,15824270000,0.003128168903525456
2015-05-16 00:00:00-04:00,2121.300048828125,2134.719970703125,2120.010009765625,2126.06005859375,14852420000,0.0015675421831955873
2015-05-23 00:00:00-04:00,2125.340087890625,2126.219970703125,2099.179931640625,2107.389892578125,13377830000,-0.008820365079976883
2015-05-30 00:00:00-04:00,2108.639892578125,2121.919921875,2085.669921875,2092.830078125,15604780000,-0.006932909644277941
2015-06-06 00:00:00-04:00,2092.340087890625,2115.02001953125,2072.139892578125,2094.110107421875,15214050000,0.0006114390366372094
2015-06-13 00:00:00-04:00,2091.340087890625,2126.64990234375,2072.489990234375,2109.989990234375,17173880000,0.0075545101051144965
2015-06-20 00:00:00-04:00,2112.5,2129.8701171875,2095.3798828125,2101.489990234375,17463770000,-0.0040365912130882866
2015-06-27 00:00:00-04:00,2098.6298828125,2098.6298828125,2056.320068359375,2076.780029296875,14481300000,-0.011827980911053552
2015-07-04 00:00:00-04:00,2073.949951171875,2083.739990234375,2044.02001953125,2076.6201171875,18065680000,-7.700298734244507e-05
2015-07-11 00:00:00-04:00,2080.030029296875,2128.909912109375,2080.030029296875,2126.639892578125,15950490000,0.02380159051204457
2015-07-18 00:00:00-04:00,2126.85009765625,2132.820068359375,2077.090087890625,2079.64990234375,17926480000,-0.022343655546952373
2015-07-25 00:00:00-04:00,2078.18994140625,2114.239990234375,2063.52001953125,2103.840087890625,19254140000,0.011564724767179298
2015-08-01 00:00:00-04:00,2104.489990234375,2112.659912109375,2067.909912109375,2077.570068359375,18841050000,-0.012565313705246514
2015-08-08 00:00:00-04:00,2080.97998046875,2105.35009765625,2052.090087890625,2091.5400390625,17509360000,0.006701680996035428
2015-08-15 00:00:00-04:00,2089.699951171875,2103.469970703125,1970.8900146484375,1970.8900146484375,18271310000,-0.059415430611851776
2015-08-22 00:00:00-04:00,1965.1500244140625,1993.47998046875,1867.010009765625,1988.8699951171875,26089970000,0.009081410991922835
2015-08-29 00:00:00-04:00,1986.72998046875,1986.72998046875,1903.0699462890625,1921.219970703125,18717360000,-0.034606250138054837
2015-09-05 00:00:00-04:00,1927.300048828125,1988.6300048828125,1927.300048828125,1961.050048828125,14045680000,0.020519683317875657
2015-09-12 00:00:00-04:00,1963.06005859375,2020.8599853515625,1948.27001953125,1958.030029296875,20075770000,-0.001541188273179044
2015-09-19 00:00:00-04:00,1960.8399658203125,1979.6400146484375,1908.9200439453125,1931.3399658203125,18081540000,-0.013724835887826463
2015-09-26 00:00:00-04:00,1929.1800537109375,1951.3599853515625,1871.9100341796875,1951.3599853515625,21346290000,0.010312513048480503
2015-10-03 00:00:00-04:00,1954.3299560546875,2020.1300048828125,1954.3299560546875,2014.8900146484375,20849400000,0.03203805273698566
2015-10-10 00:00:00-04:00,2015.6500244140625,2033.5400390625,1990.72998046875,2033.1099853515625,17281480000,0.009002022600318505
2015-10-17 00:00:00-04:00,2031.72998046875,2079.739990234375,2017.219970703125,2075.14990234375,18785920000,0.020466759958482062
2015-10-24 00:00:00-04:00,2075.080078125,2094.320068359375,2058.840087890625,2079.360107421875,20565930000,0.002026812552869576
2015-10-31 00:00:00-04:00,2080.760009765625,2116.47998046875,2080.760009765625,2099.199951171875,20531860000,0.009496090787713083
2015-11-07 00:00:00-05:00,2096.56005859375,2096.56005859375,2022.02001953125,2023.0400390625,19691320000,-0.036954946593409976
2015-11-14 00:00:00-05:00,2022.0799560546875,2097.06005859375,2019.3900146484375,2089.169921875,19652690000,0.03216547060433006
2015-11-21 00:00:00-05:00,2089.409912109375,2095.610107421875,2070.2900390625,2090.110107421875,11792690000,0.00044992704779051913
2015-11-28 00:00:00-05:00,2090.949951171875,2104.27001953125,2042.3499755859375,2091.68994140625,20459190000,0.0007555760873730559
2015-12-05 00:00:00-05:00,2090.419921875,2090.419921875,2008.800048828125,2012.3699951171875,20618850000,-0.03865919412890574
2015-12-12 00:00:00-05:00,2013.3699951171875,2076.719970703125,1993.260009765625,2005.550048828125,24611890000,-0.0033947678222293466
2015-12-19 00:00:00-05:00,2010.27001953125,2067.360107421875,2005.9300537109375,2060.989990234375,12177090000,0.027268083442415776
2015-12-26 00:00:00-05:00,2057.77001953125,2081.56005859375,2043.6199951171875,2043.93994140625,10057270000,-0.008307156108529506
2016-01-02 00:00:00-05:00,2038.199951171875,2038.199951171875,1918.4599609375,1922.030029296875,22089690000,-0.0614973546262648
2016-01-09 00:00:00-05:00,1926.1199951171875,1950.3299560546875,1857.8299560546875,1880.3299560546875,25291150000,-0.021934664428090153
2016-01-16 00:00:00-05:00,1888.6600341796875,1908.8499755859375,1812.2900390625,1906.9000244140625,21324990000,0.014031629679692091
2016-01-23 00:00:00-05:00,1906.280029296875,1940.239990234375,1872.699951171875,1940.239990234375,23703940000,0.017332772069165978
2016-01-30 00:00:00-05:00,1936.93994140625,1947.199951171875,1872.22998046875,1880.050048828125,24081930000,-0.03151327352602745
2016-02-06 00:00:00-05:00,1873.25,1881.5999755859375,1810.0999755859375,1864.780029296875,25488570000,-0.008155298822788745
2016-02-13 00:00:00-05:00,1871.43994140625,1930.6800537109375,1871.43994140625,1917.780029296875,18161550000,0.02802518296158972
2016-02-20 00:00:00-05:00,1924.43994140625,1962.9599609375,1891.0,1948.050048828125,20729330000,0.01566061496380586
2016-02-27 00:00:00-05:00,1947.1300048828125,2009.1300048828125,1931.81005859375,1999.989990234375,25206170000,0.026313278357407474
2016-03-05 00:00:00-05:00,1996.1099853515625,2022.3699951171875,1969.25,2022.18994140625,22103360000,0.011038877913645969
2016-03-12 00:00:00-05:00,2019.27001953125,2052.360107421875,2005.22998046875,2049.580078125,22138770000,0.013453878650472453
2016-03-19 00:00:00-04:00,2047.8800048828125,2056.60009765625,2022.489990234375,2035.93994140625,13842290000,-0.006677332302523734
2016-03-26 00:00:00-04:00,2037.8900146484375,2075.070068359375,2028.31005859375,2072.780029296875,17687000000,0.017933115642854863
2016-04-02 00:00:00-04:00,2073.18994140625,2074.02001953125,2033.800048828125,2047.5999755859375,18552210000,-0.012222351891024424
2016-04-09 00:00:00-04:00,2050.22998046875,2087.840087890625,2039.739990234375,2080.72998046875,19466730000,0.016050420614330454
2016-04-16 00:00:00-04:00,2078.830078125,2111.050048828125,2073.64990234375,2091.580078125,19364460000,0.005201014288147768
2016-04-23 00:00:00-04:00,2089.3701171875,2099.889892578125,2052.280029296875,2065.300048828125,19991600000,-0.012644280626898142
2016-04-30 00:00:00-04:00,2067.169921875,2083.419921875,2039.449951171875,2057.139892578125,19877940000,-0.003958901535866008
2016-05-07 00:00:00-04:00,2057.550048828125,2084.8701171875,2043.1300048828125,2046.6099853515625,18573070000,-0.0051318577639383025
2016-05-14 00:00:00-04:00,2046.530029296875,2071.8798828125,2025.9100341796875,2052.320068359375,19066060000,0.0027861352239352145
2016-05-21 00:00:00-04:00,2052.22998046875,2099.06005859375,2047.260009765625,2099.06005859375,16852120000,0.0225187595069829
2016-05-28 00:00:00-04:00,2100.1298828125,2105.260009765625,2085.10009765625,2099.1298828125,15300080000,3.326396362768842e-05
2016-06-04 00:00:00-04:00,2100.830078125,2120.550048828125,2089.9599609375,2096.070068359375,17344140000,-0.001458721887543974
2016-06-11 00:00:00-04:00,2091.75,2098.1201171875,2050.3701171875,2071.219970703125,19277430000,-0.011926403959054829
2016-06-18 00:00:00-04:00,2075.580078125,2113.320068359375,2032.5699462890625,2037.4100341796875,20763870000,-0.016458381347570616
2016-06-25 00:00:00-04:00,2031.449951171875,2108.7099609375,1991.6800537109375,2102.949951171875,22140480000,0.03166168750613712
2016-07-02 00:00:00-04:00,2095.050048828125,2131.7099609375,2074.02001953125,2129.89990234375,14779810000,0.01273388675193674
2016-07-09 00:00:00-04:00,2131.719970703125,2169.050048828125,2131.719970703125,2161.739990234375,17441690000,0.01483846403615155
2016-07-16 00:00:00-04:00,2162.0400390625,2175.6298828125,2159.010009765625,2175.030029296875,15651690000,0.006129022570202589
2016-07-23 00:00:00-04:00,2173.7099609375,2177.090087890625,2159.070068359375,2173.60009765625,18198170000,-0.0006576469602687781
2016-07-30 00:00:00-04:00,2173.14990234375,2182.8701171875,2147.580078125,2182.8701171875,18513540000,0.004255754344781532
2016-08-06 00:00:00-04:00,2183.760009765625,2188.449951171875,2172.0,2184.050048828125,16340620000,0.00054039534705581
2016-08-13 00:00:00-04:00,2186.080078125,2193.81005859375,2168.5,2183.8701171875,16049210000,-8.238778818661723e-05
2016-08-20 00:00:00-04:00,2181.580078125,2193.419921875,2160.389892578125,2169.0400390625,15278970000,-0.006813894599991987
2016-08-27 00:00:00-04:00,2170.18994140625,2184.8701171875,2157.090087890625,2179.97998046875,15911210000,0.00503100212561213
2016-09-03 00:00:00-04:00,2181.610107421875,2187.8701171875,2127.81005859375,2127.81005859375,14728870000,-0.024222384171594724
2016-09-10 00:00:00-04:00,2120.860107421875,2163.300048828125,2119.1201171875,2139.159912109375,20204330000,0.0053198782092784705
2016-09-17 00:00:00-04:00,2143.989990234375,2179.989990234375,2135.909912109375,2164.68994140625,16758370000,0.01186394954196854
2016-09-24 00:00:00-04:00,2158.5400390625,2175.300048828125,2141.550048828125,2168.27001953125,18848810000,0.0016524865089707571
2016-10-01 00:00:00-04:00,2164.330078125,2165.860107421875,2144.010009765625,2153.739990234375,17730470000,-0.006723762325701738
2016-10-08 00:00:00-04:00,2160.389892578125,2169.60009765625,2114.719970703125,2132.97998046875,15960480000,-0.009685807427145643
2016-10-15 00:00:00-04:00,2132.949951171875,2148.43994140625,2124.429931640625,2141.159912109375,16166080000,0.0038276433776732043
2016-10-22 00:00:00-04:00,2148.5,2154.7900390625,2119.360107421875,2126.409912109375,19131940000,-0.006912626784100187
2016-10-29 00:00:00-04:00,2129.780029296875,2133.25,2083.7900390625,2085.179931640625,20488880000,-0.019579920740689993
2016-11-05 00:00:00-04:00,2100.590087890625,2182.300048828125,2100.590087890625,2164.449951171875,25381600000,0.037311115374576376
2016-11-12 00:00:00-05:00,2165.639892578125,2189.889892578125,2156.080078125,2181.89990234375,21162310000,0.00802974703817971
2016-11-19 00:00:00-05:00,2186.429931640625,2213.35009765625,2186.429931640625,2213.35009765625,12576460000,0.014311236944799433
2016-11-26 00:00:00-05:00,2210.2099609375,2214.10009765625,2187.43994140625,2191.949951171875,21612530000,-0.009715712703308782
2016-12-03 00:00:00-05:00,2200.64990234375,2259.800048828125,2199.969970703125,2259.530029296875,20349620000,0.030365303690182397
2016-12-10 00:00:00-05:00,2258.830078125,2277.530029296875,2248.43994140625,2258.070068359375,22426490000,-0.0006463436146477855
2016-12-17 00:00:00-05:00,2259.239990234375,2272.56005859375,2256.080078125,2263.7900390625,14315870000,0.0025299207043691227
2016-12-24 00:00:00-05:00,2266.22998046875,2273.820068359375,2233.6201171875,2238.830078125,9402730000,-0.011086974233945493
2016-12-31 00:00:00-05:00,2251.570068359375,2282.10009765625,2245.1298828125,2276.97998046875,14669060000,0.016896552101804352
2017-01-07 00:00:00-05:00,2273.590087890625,2279.27001953125,2254.25,2274.639892578125,17042270000,-0.001028244081040538
2017-01-14 00:00:00-05:00,2269.139892578125,2276.9599609375,2258.409912109375,2271.31005859375,13609860000,-0.0014649675494284393
2017-01-21 00:00:00-05:00,2267.780029296875,2300.989990234375,2257.02001953125,2294.68994140625,17570460000,0.010240949253856747
2017-01-28 00:00:00-05:00,2286.010009765625,2298.31005859375,2267.2099609375,2297.419921875,19019690000,0.0011889875772318986
2017-02-04 00:00:00-05:00,2294.280029296875,2319.22998046875,2285.3798828125,2316.10009765625,17355000000,0.008098058656715748
2017-02-11 00:00:00-05:00,2321.719970703125,2351.31005859375,2321.419921875,2351.159912109375,17859010000,0.015024007171105502
2017-02-18 00:00:00-05:00,2354.909912109375,2368.260009765625,2352.8701171875,2367.340087890625,14914870000,0.006858213076555815
2017-02-25 00:00:00-05:00,2365.22998046875,2400.97998046875,2358.9599609375,2383.1201171875,19525470000,0.006643603632693731
2017-03-04 00:00:00-05:00,2375.22998046875,2378.800048828125,2354.5400390625,2372.60009765625,17745030000,-0.004424161311094652
2017-03-11 00:00:00-05:00,2371.56005859375,2390.010009765625,2358.179931640625,2378.25,18798600000,0.0023784816995500503
2017-03-18 00:00:00-04:00,2378.239990234375,2381.929931640625,2335.739990234375,2343.97998046875,17156540000,-0.014514592181788372
2017-03-25 00:00:00-04:00,2329.110107421875,2370.419921875,2322.25,2362.719970703125,16235510000,0.007963154421046729
2017-04-01 00:00:00-04:00,2362.340087890625,2378.360107421875,2344.72998046875,2355.5400390625,16665670000,-0.003043468214084032
2017-04-08 00:00:00-04:00,2357.159912109375,2366.3701171875,2328.949951171875,2328.949951171875,12261150000,-0.011352515864966281
2017-04-15 00:00:00-04:00,2332.6201171875,2361.3701171875,2332.510009765625,2348.68994140625,16793410000,0.008440199704263796
2017-04-22 00:00:00-04:00,2370.330078125,2398.159912109375,2369.18994140625,2384.199951171875,19649630000,0.015005916852984864
2017-04-29 00:00:00-04:00,2388.5,2399.2900390625,2379.75,2399.2900390625,18870720000,0.006309258712225825
2017-05-06 00:00:00-04:00,2399.93994140625,2403.8701171875,2381.739990234375,2390.89990234375,17769530000,-0.003503053282336662
2017-05-13 00:00:00-04:00,2393.97998046875,2405.77001953125,2352.719970703125,2381.72998046875,19227790000,-0.0038427170696693326
2017-05-20 00:00:00-04:00,2387.2099609375,2418.7099609375,2386.919921875,2415.820068359375,16127520000,0.014211696100245667
2017-05-27 00:00:00-04:00,2411.669921875,2440.22998046875,2403.590087890625,2439.070068359375,15050020000,0.009578044853408324
2017-06-03 00:00:00-04:00,2437.830078125,2446.199951171875,2415.699951171875,2431.77001953125,17635530000,-0.0029974518408077563
2017-06-10 00:00:00-04:00,2425.8798828125,2443.75,2418.530029296875,2433.14990234375,19540080000,0.0005672787514136425
2017-06-17 00:00:00-04:00,2442.550048828125,2453.820068359375,2430.739990234375,2438.300048828125,19053080000,0.002114421149661668
2017-06-24 00:00:00-04:00,2443.320068359375,2450.419921875,2405.699951171875,2423.409912109375,17524000000,-0.0061254922226571
2017-07-01 00:00:00-04:00,2431.389892578125,2439.169921875,2407.699951171875,2425.179931640625,11567730000,0.0007301172781857442
2017-07-08 00:00:00-04:00,2424.510009765625,2463.5400390625,2412.7900390625,2459.27001953125,15102550000,0.013958845628734246
2017-07-15 00:00:00-04:00,2459.5,2477.6201171875,2450.340087890625,2472.5400390625,15129180000,0.005381412259641674
2017-07-22 00:00:00-04:00,2472.0400390625,2484.0400390625,2459.929931640625,2472.10009765625,18072700000,-0.0001779467849010327
2017-07-29 00:00:00-04:00,2475.93994140625,2480.3798828125,2466.47998046875,2476.830078125,17335730000,0.0019115169303198177
2017-08-05 00:00:00-04:00,2477.139892578125,2490.8701171875,2437.75,2441.320068359375,16391220000,-0.014440643651571635
2017-08-12 00:00:00-04:00,2454.9599609375,2474.929931640625,2420.68994140625,2425.550048828125,15295240000,-0.006480581706045192
2017-08-19 00:00:00-04:00,2425.5,2454.77001953125,2417.35009765625,2443.050048828125,13824620000,0.007188955764351529
2017-08-26 00:00:00-04:00,2447.35009765625,2480.3798828125,2428.199951171875,2476.550048828125,14126800000,0.013619203650415595
2017-09-02 00:00:00-04:00,2470.35009765625,2471.969970703125,2446.550048828125,2461.429931640625,13576530000,-0.0061240282473121535
2017-09-09 00:00:00-04:00,2474.52001953125,2500.22998046875,2474.52001953125,2500.22998046875,18184550000,0.01564026573544421
2017-09-16 00:00:00-04:00,2502.510009765625,2508.85009765625,2496.5400390625,2502.219970703125,15886600000,0.0007956062964223747
2017-09-23 00:00:00-04:00,2499.389892578125,2519.43994140625,2488.030029296875,2519.360107421875,16263660000,0.006826617525465681
2017-09-30 00:00:00-04:00,2521.199951171875,2552.510009765625,2520.39990234375,2549.330078125,15278620000,0.011825666541539818
2017-10-07 00:00:00-04:00,2551.389892578125,2557.64990234375,2541.60009765625,2553.169921875,14748620000,0.0015050835766228779
2017-10-14 00:00:00-04:00,2555.570068359375,2575.43994140625,2547.919921875,2575.2099609375,15233210000,0.008595375249110112
2017-10-21 00:00:00-04:00,2578.080078125,2582.97998046875,2544.0,2581.070068359375,18323450000,0.0022729991046303065
2017-10-28 00:00:00-04:00,2577.75,2588.419921875,2566.169921875,2587.840087890625,18964700000,0.002619516763823719
2017-11-04 00:00:00-04:00,2587.469970703125,2597.02001953125,2566.330078125,2582.300048828125,18589450000,-0.0021430913036690658
2017-11-11 00:00:00-05:00,2576.530029296875,2590.090087890625,2557.449951171875,2578.85009765625,17274900000,-0.0013368925870375155
2017-11-18 00:00:00-05:00,2579.489990234375,2604.2099609375,2578.239990234375,2602.419921875,10525170000,0.009098150343445147
2017-11-25 00:00:00-05:00,2602.659912109375,2657.739990234375,2598.8701171875,2642.219970703125,19518320000,0.015177710454205432
2017-12-02 00:00:00-05:00,2657.18994140625,2665.18994140625,2624.75,2651.5,17250300000,0.0035060557998552572
2017-12-09 00:00:00-05:00,2652.18994140625,2679.6298828125,2651.469970703125,2675.81005859375,19458420000,0.009126642553015272
2017-12-16 00:00:00-05:00,2685.919921875,2694.969970703125,2676.110107421875,2683.340087890625,16075840000,0.0028101598374510447
2017-12-23 00:00:00-05:00,2679.090087890625,2692.1201171875,2673.610107421875,2673.610107421875,8796210000,-0.0036326606796450384
2017-12-30 00:00:00-05:00,2683.72998046875,2743.449951171875,2682.360107421875,2743.14990234375,13878080000,0.025677200206246344
2018-01-06 00:00:00-05:00,2742.669921875,2787.85009765625,2736.06005859375,2786.239990234375,17526430000,0.015586153641050827
2018-01-13 00:00:00-05:00,2798.9599609375,2810.330078125,2768.639892578125,2810.300048828125,15580750000,0.008598243434415856
2018-01-20 00:00:00-05:00,2809.159912109375,2872.8701171875,2808.1201171875,2872.8701171875,18457670000,0.022020314308120674
2018-01-27 00:00:00-05:00,2867.22998046875,2870.6201171875,2759.969970703125,2762.1298828125,20193360000,-0.039309492100227536
2018-02-03 00:00:00-05:00,2741.06005859375,2763.389892578125,2532.68994140625,2619.550048828125,26898440000,-0.05299951285947418
2018-02-10 00:00:00-05:00,2636.75,2754.419921875,2622.449951171875,2732.219970703125,18927760000,0.042111888894057745
2018-02-17 00:00:00-05:00,2722.989990234375,2747.760009765625,2697.77001953125,2747.300048828125,14356940000,0.0055041741405507175
2018-02-24 00:00:00-05:00,2757.3701171875,2789.14990234375,2647.320068359375,2691.25,19838970000,-0.020612859274174018
2018-03-03 00:00:00-05:00,2681.06005859375,2786.570068359375,2675.75,2786.570068359375,17112270000,0.034805703666899244
2018-03-10 00:00:00-05:00,2790.5400390625,2801.89990234375,2741.469970703125,2752.010009765625,18908730000,-0.01247991602936679
2018-03-17 00:00:00-04:00,2741.3798828125,2741.3798828125,2585.889892578125,2588.260009765625,17629670000,-0.0613457182898889
2018-03-24 00:00:00-04:00,2619.35009765625,2674.780029296875,2593.06005859375,2640.8701171875,14747480000,0.020122613655094428
2018-03-31 00:00:00-04:00,2633.449951171875,2672.080078125,2553.800048828125,2604.469970703125,16943670000,-0.013879264336721764
2018-04-07 00:00:00-04:00,2617.179931640625,2680.260009765625,2610.7900390625,2656.300048828125,15743660000,0.019705007062396
2018-04-14 00:00:00-04:00,2670.10009765625,2717.489990234375,2660.610107421875,2670.139892578125,16522340000,0.005196669838797594
2018-04-21 00:00:00-04:00,2675.39990234375,2683.550048828125,2612.669921875,2669.909912109375,17235520000,-8.613420372609898e-05
2018-04-28 00:00:00-04:00,2682.510009765625,2682.8701171875,2594.6201171875,2663.419921875,18562140000,-0.0024337491360252902
2018-05-05 00:00:00-04:00,2680.340087890625,2732.860107421875,2655.199951171875,2727.719970703125,17181050000,0.02385510275293464
2018-05-12 00:00:00-04:00,2738.469970703125,2742.10009765625,2701.909912109375,2712.969970703125,16395450000,-0.0054221197295101775
2018-05-19 00:00:00-04:00,2735.389892578125,2742.239990234375,2707.3798828125,2721.330078125,16071790000,0.0030767951500483342
2018-05-26 00:00:00-04:00,2705.110107421875,2736.929931640625,2676.81005859375,2734.6201171875,15245210000,0.00487176930593714
2018-06-02 00:00:00-04:00,2741.669921875,2779.89990234375,2739.510009765625,2779.030029296875,17477350000,0.01610942709100675
2018-06-09 00:00:00-04:00,2780.179931640625,2791.469970703125,2761.72998046875,2779.659912109375,19511520000,0.00022662995124228972
2018-06-16 00:00:00-04:00,2765.7900390625,2774.989990234375,2743.18994140625,2754.8798828125,19124110000,-0.008954744496251771
2018-06-23 00:00:00-04:00,2742.93994140625,2746.090087890625,2691.989990234375,2718.3701171875,18084070000,-0.013341362868666799
2018-06-30 00:00:00-04:00,2704.949951171875,2764.409912109375,2698.949951171875,2759.820068359375,10576910000,0.015133005899877714
2018-07-07 00:00:00-04:00,2775.6201171875,2804.530029296875,2770.72998046875,2801.31005859375,14590400000,0.014921700849027547
2018-07-14 00:00:00-04:00,2797.360107421875,2816.760009765625,2789.239990234375,2801.830078125,15517950000,0.00018561717895841906
2018-07-21 00:00:00-04:00,2799.169921875,2848.030029296875,2795.139892578125,2818.820068359375,17044960000,0.0060455789059447465
2018-07-28 00:00:00-04:00,2819.0,2840.3798828125,2796.340087890625,2840.35009765625,17214500000,0.007608936483701606
2018-08-04 00:00:00-04:00,2840.2900390625,2863.429931640625,2825.81005859375,2833.280029296875,15374300000,-0.0024922569362920725
2018-08-11 00:00:00-04:00,2835.4599609375,2855.6298828125,2802.489990234375,2850.1298828125,16086450000,0.005929504696959367
2018-08-18 00:00:00-04:00,2853.929931640625,2876.159912109375,2850.6201171875,2874.68994140625,13959870000,0.008580255807261987
2018-08-25 00:00:00-04:00,2884.68994140625,2916.5,2884.68994140625,2901.52001953125,14056030000,0.009289922376467325
2018-09-01 00:00:00-04:00,2896.9599609375,2900.179931640625,2864.1201171875,2871.679931640625,12457020000,-0.010337543781777953
2018-09-08 00:00:00-04:00,2881.389892578125,2908.300048828125,2866.780029296875,2904.97998046875,15450380000,0.011529298314460017
2018-09-15 00:00:00-04:00,2903.830078125,2940.909912109375,2886.159912109375,2929.669921875,18420620000,0.008463263157570112
2018-09-22 00:00:00-04:00,2921.830078125,2931.14990234375,2903.280029296875,2913.97998046875,16703490000,-0.005369924403918694
2018-09-29 00:00:00-04:00,2926.2900390625,2939.860107421875,2869.2900390625,2885.570068359375,17285210000,-0.009797359836994292
2018-10-06 00:00:00-04:00,2877.530029296875,2894.830078125,2710.510009765625,2767.1298828125,20405870000,-0.04191183814927116
2018-10-13 00:00:00-04:00,2763.830078125,2816.93994140625,2749.030029296875,2767.780029296875,17367750000,0.00023492577031559246
2018-10-20 00:00:00-04:00,2773.93994140625,2778.93994140625,2628.159912109375,2658.68994140625,21911910000,-0.040212067169601816
2018-10-27 00:00:00-04:00,2682.64990234375,2756.550048828125,2603.5400390625,2723.06005859375,23951720000,0.023922771243904274
2018-11-03 00:00:00-04:00,2726.3701171875,2815.14990234375,2717.93994140625,2781.010009765625,18826370000,0.021057905098512807
2018-11-10 00:00:00-05:00,2773.929931640625,2775.989990234375,2670.75,2736.27001953125,20465380000,-0.01621848834596599
2018-11-17 00:00:00-05:00,2730.739990234375,2733.159912109375,2631.090087890625,2632.56005859375,13066840000,-0.03863890719339577
2018-11-24 00:00:00-05:00,2649.969970703125,2760.8798828125,2649.969970703125,2760.169921875,19269950000,0.04733546468431722
2018-12-01 00:00:00-05:00,2790.5,2800.179931640625,2621.530029296875,2633.080078125,18159960000,-0.04713795041466005
2018-12-08 00:00:00-05:00,2630.860107421875,2685.43994140625,2583.22998046875,2599.949951171875,20198330000,-0.01266209802315306
2018-12-15 00:00:00-05:00,2590.75,2601.1298828125,2408.550048828125,2416.6201171875,27611110000,-0.07312227713336905
2018-12-22 00:00:00-05:00,2400.56005859375,2520.27001953125,2346.580078125,2485.739990234375,14730860000,0.02820047985107634
2018-12-29 00:00:00-05:00,2498.93994140625,2538.070068359375,2443.9599609375,2531.93994140625,15288050000,0.01841538616626462
2019-01-05 00:00:00-05:00,2535.610107421875,2597.820068359375,2524.56005859375,2596.260009765625,19510680000,0.02508616749452901
2019-01-12 00:00:00-05:00,2580.31005859375,2675.469970703125,2570.409912109375,2670.7099609375,18984150000,0.028272388367691362
2019-01-19 00:00:00-05:00,2657.8798828125,2672.3798828125,2612.860107421875,2664.760009765625,14552950000,-0.0022303390970261367
2019-01-26 00:00:00-05:00,2644.969970703125,2716.659912109375,2624.06005859375,2706.530029296875,19768450000,0.01555338150231116
2019-02-02 00:00:00-05:00,2706.489990234375,2738.97998046875,2681.830078125,2707.8798828125,18217210000,0.0004986152011035238
2019-02-09 00:00:00-05:00,2712.39990234375,2775.659912109375,2703.7900390625,2775.60009765625,18417330000,0.024700977581626978
2019-02-16 00:00:00-05:00,2769.280029296875,2794.199951171875,2764.550048828125,2792.669921875,14467710000,0.006131124256201798
2019-02-23 00:00:00-05:00,2804.35009765625,2813.489990234375,2775.1298828125,2803.68994140625,19748980000,0.003938286330376053
2019-03-02 00:00:00-05:00,2814.3701171875,2816.8798828125,2722.27001953125,2743.070068359375,18737740000,-0.021858629758871834
2019-03-09 00:00:00-05:00,2747.610107421875,2830.72998046875,2747.610107421875,2822.47998046875,20454890000,0.02853816812514859
2019-03-16 00:00:00-04:00,2822.610107421875,2860.31005859375,2800.469970703125,2800.7099609375,18917020000,-0.007742981661372355
2019-03-23 00:00:00-04:00,2796.010009765625,2836.030029296875,2785.02001953125,2834.39990234375,17055060000,0.011957297596611242
2019-03-30 00:00:00-04:00,2848.6298828125,2893.239990234375,2848.6298828125,2892.739990234375,16592010000,0.02037390635908508
2019-04-06 00:00:00-04:00,2888.4599609375,2910.5400390625,2873.330078125,2907.409912109375,15877870000,0.005058473799242462
2019-04-13 00:00:00-04:00,2908.320068359375,2918.0,2891.89990234375,2905.030029296875,13672850000,-0.0008188929157063281
2019-04-20 00:00:00-04:00,2898.780029296875,2939.8798828125,2896.35009765625,2939.8798828125,16857490000,0.011924996971923974
2019-04-27 00:00:00-04:00,2940.580078125,2954.1298828125,2900.5,2945.639892578125,17918950000,0.0019573501829687544
2019-05-04 00:00:00-04:00,2908.889892578125,2937.320068359375,2825.389892578125,2881.39990234375,17765260000,-0.022049821259407732
2019-05-11 00:00:00-04:00,2840.18994140625,2892.14990234375,2801.429931640625,2859.530029296875,17050540000,-0.007618967345103139
2019-05-18 00:00:00-04:00,2841.93994140625,2868.8798828125,2805.489990234375,2826.06005859375,16499350000,-0.011773749715358757
2019-05-25 00:00:00-04:00,2830.030029296875,2840.510009765625,2750.52001953125,2752.06005859375,15106790000,-0.026533792742947645
2019-06-01 00:00:00-04:00,2751.530029296875,2884.969970703125,2728.81005859375,2873.340087890625,18026770000,0.0431254033288479
2019-06-08 00:00:00-04:00,2885.830078125,2910.610107421875,2874.679931640625,2886.97998046875,15894210000,0.0047358195062741195
2019-06-15 00:00:00-04:00,2889.75,2964.14990234375,2887.300048828125,2950.4599609375,18516760000,0.021750110874492485
2019-06-22 00:00:00-04:00,2951.419921875,2954.919921875,2912.989990234375,2941.760009765625,18812890000,-0.0029530321465882554
2019-06-29 00:00:00-04:00,2971.409912109375,2995.840087890625,2952.219970703125,2990.409912109375,11147600000,0.01640242734407817
2019-07-06 00:00:00-04:00,2979.77001953125,3013.919921875,2963.43994140625,3013.77001953125,15253340000,0.00778132086542786
2019-07-13 00:00:00-04:00,3017.800048828125,3017.800048828125,2973.090087890625,2976.610107421875,16014490000,-0.012406688048744998
2019-07-20 00:00:00-04:00,2981.929931640625,3027.97998046875,2976.64990234375,3025.860107421875,16700450000,0.016410278926185913
2019-07-27 00:00:00-04:00,3024.469970703125,3025.610107421875,2914.110107421875,2932.050048828125,20160210000,-0.03149353036161282
2019-08-03 00:00:00-04:00,2898.070068359375,2938.719970703125,2822.1201171875,2918.64990234375,20687590000,-0.004580706591461323
2019-08-10 00:00:00-04:00,2907.070068359375,2943.31005859375,2825.510009765625,2888.679931640625,19076710000,-0.010321520432723849
2019-08-17 00:00:00-04:00,2913.47998046875,2939.080078125,2834.969970703125,2847.110107421875,16141480000,-0.014495144272481376
2019-08-24 00:00:00-04:00,2866.699951171875,2940.429931640625,2853.050048828125,2926.4599609375,15686820000,0.027489005661775454
2019-08-31 00:00:00-04:00,2909.010009765625,2985.860107421875,2891.85009765625,2978.7099609375,13707670000,0.017696819671872456
2019-09-07 00:00:00-04:00,2988.429931640625,3020.739990234375,2957.010009765625,3007.389892578125,19712530000,0.009582249474685695
2019-09-14 00:00:00-04:00,2996.409912109375,3021.989990234375,2978.570068359375,2992.070068359375,20787010000,-0.0051070788425777456
2019-09-21 00:00:00-04:00,2983.5,3007.97998046875,2945.530029296875,2961.7900390625,16722640000,-0.010171649928156964
2019-09-28 00:00:00-04:00,2967.070068359375,2992.530029296875,2855.93994140625,2952.010009765625,17244790000,-0.003307530904682204
2019-10-05 00:00:00-04:00,2944.22998046875,2993.280029296875,2892.659912109375,2970.27001953125,15880820000,0.006166566774626049
2019-10-12 00:00:00-04:00,2965.81005859375,3008.2900390625,2962.93994140625,2986.199951171875,15507120000,0.005348795410051839
2019-10-19 00:00:00-04:00,2996.47998046875,3027.389892578125,2991.2099609375,3022.550048828125,17288670000,0.012099202362615073
2019-10-26 00:00:00-04:00,3032.1201171875,3066.949951171875,3023.18994140625,3066.909912109375,19004660000,0.014569649285602832
2019-11-02 00:00:00-04:00,3078.9599609375,3097.77001953125,3065.889892578125,3093.080078125,20794290000,0.008496872075177837
2019-11-09 00:00:00-05:00,3080.330078125,3120.4599609375,3075.820068359375,3120.4599609375,16692290000,0.00881303085047208
2019-11-16 00:00:00-05:00,3117.909912109375,3127.639892578125,3091.409912109375,3110.2900390625,18074100000,-0.0032644323416373554
2019-11-23 00:00:00-05:00,3117.43994140625,3154.260009765625,3117.43994140625,3140.97998046875,12893650000,0.009818864927718185
2019-11-30 00:00:00-05:00,3143.85009765625,3150.60009765625,3070.330078125,3145.909912109375,17504100000,0.0015683216138172422
2019-12-07 00:00:00-05:00,3141.860107421875,3182.679931640625,3126.090087890625,3168.800048828125,17765280000,0.007249814201662106
2019-12-14 00:00:00-05:00,3183.6298828125,3225.64990234375,3183.6298828125,3221.219970703125,22184930000,0.016407177956679665
2019-12-21 00:00:00-05:00,3226.050048828125,3247.929931640625,3220.510009765625,3240.02001953125,8954750000,0.0058193479615422945
2019-12-28 00:00:00-05:00,3240.090087890625,3258.139892578125,3212.030029296875,3234.85009765625,12861110000,-0.0015969194377969198
2020-01-04 00:00:00-05:00,3217.550048828125,3282.989990234375,3214.639892578125,3265.35009765625,17721020000,0.009384395224720446
2020-01-11 00:00:00-05:00,3271.1298828125,3329.8798828125,3268.429931640625,3329.6201171875,18135300000,0.019491234122442358
2020-01-18 00:00:00-05:00,3321.030029296875,3337.77001953125,3281.530029296875,3295.469970703125,15204110000,-0.010309429305739852
2020-01-25 00:00:00-05:00,3247.159912109375,3293.469970703125,3214.679931640625,3225.52001953125,19282920000,-0.02145460564122785
2020-02-01 00:00:00-05:00,3235.659912109375,3347.9599609375,3235.659912109375,3327.7099609375,19500010000,0.03119018438525534
2020-02-08 00:00:00-05:00,3318.280029296875,3385.090087890625,3317.77001953125,3380.159912109375,18077170000,0.015638651650275292
2020-02-15 00:00:00-05:00,3369.0400390625,3393.52001953125,3328.449951171875,3337.75,15292560000,-0.012626092362680055
2020-02-22 00:00:00-05:00,3257.610107421875,3259.81005859375,2855.840087890625,2954.219970703125,31566850000,-0.1220622805812382
2020-02-29 00:00:00-05:00,2974.280029296875,3136.719970703125,2901.5400390625,2972.3701171875,29965390000,0.006125007114764752
2020-03-07 00:00:00-05:00,2863.889892578125,2882.590087890625,2478.860107421875,2711.02001953125,40664410000,-0.09203469877635535
2020-03-14 00:00:00-04:00,2508.590087890625,2562.97998046875,2280.52001953125,2304.919921875,41985050000,-0.16227902025217159
2020-03-21 00:00:00-04:00,2290.7099609375,2637.010009765625,2191.860107421875,2541.469970703125,37243200000,0.09769670746182875
2020-03-28 00:00:00-04:00,2558.97998046875,2641.389892578125,2447.489990234375,2488.64990234375,30852490000,-0.021002286720211944
2020-04-04 00:00:00-04:00,2578.280029296875,2818.570068359375,2574.570068359375,2789.820068359375,27229510000,0.11423674659145207
2020-04-11 00:00:00-04:00,2782.4599609375,2879.219970703125,2721.169921875,2874.56005859375,27176880000,0.029922537316123182
2020-04-18 00:00:00-04:00,2845.6201171875,2868.97998046875,2727.10009765625,2836.739990234375,26590900000,-0.01324413736289808
2020-04-25 00:00:00-04:00,2854.64990234375,2954.860107421875,2821.610107421875,2830.7099609375,28845520000,-0.0021279522975054988
2020-05-02 00:00:00-04:00,2815.010009765625,2932.159912109375,2797.85009765625,2929.800048828125,24823610000,0.03440662819770364
2020-05-09 00:00:00-04:00,2915.4599609375,2945.820068359375,2766.639892578125,2863.699951171875,27249840000,-0.02281970002174242
2020-05-16 00:00:00-04:00,2913.860107421875,2980.2900390625,2913.860107421875,2955.449951171875,25310860000,0.03153642904874848
2020-05-23 00:00:00-04:00,3004.080078125,3068.669921875,2969.75,3044.31005859375,24991070000,0.029623386739163194
2020-05-30 00:00:00-04:00,3038.780029296875,3211.719970703125,3031.5400390625,3193.929931640625,30977470000,0.047977818311354066
2020-06-06 00:00:00-04:00,3199.919921875,3233.1298828125,2984.469970703125,3041.31005859375,34390750000,-0.04896374914017529
2020-06-13 00:00:00-04:00,2993.760009765625,3155.530029296875,2965.659912109375,3097.739990234375,28959080000,0.018384447290384444
2020-06-20 00:00:00-04:00,3094.419921875,3154.89990234375,3004.6298828125,3009.050048828125,27951760000,-0.029048379654133285
2020-06-27 00:00:00-04:00,3018.590087890625,3165.81005859375,2999.739990234375,3130.010009765625,17826770000,0.03941177200197697
2020-07-04 00:00:00-04:00,3155.2900390625,3186.820068359375,3115.699951171875,3185.0400390625,23635640000,0.01742865752419834
2020-07-11 00:00:00-04:00,3205.080078125,3238.280029296875,3127.659912109375,3224.72998046875,22082120000,0.012384359676668419
2020-07-18 00:00:00-04:00,3224.2900390625,3279.989990234375,3200.050048828125,3215.6298828125,20789280000,-0.0028259612523487713
2020-07-25 00:00:00-04:00,3219.840087890625,3272.169921875,3204.1298828125,3271.1201171875,21774140000,0.01710921123330016
2020-08-01 00:00:00-04:00,3288.260009765625,3352.5400390625,3284.530029296875,3351.280029296875,21777340000,0.024209901416631836
2020-08-08 00:00:00-04:00,3356.0400390625,3387.889892578125,3326.43994140625,3372.85009765625,19619500000,0.006415742093192473
2020-08-15 00:00:00-04:00,3380.860107421875,3399.9599609375,3354.68994140625,3397.159912109375,17745410000,0.007181649333376842
2020-08-22 00:00:00-04:00,3418.090087890625,3509.22998046875,3413.1298828125,3508.010009765625,18975990000,0.032109165336664566
2020-08-29 00:00:00-04:00,3509.72998046875,3588.110107421875,3349.6298828125,3426.9599609375,22095960000,-0.02337536850739331
2020-09-05 00:00:00-04:00,3371.8798828125,3425.550048828125,3310.469970703125,3340.969970703125,16545570000,-0.025412384191594518
2020-09-12 00:00:00-04:00,3363.56005859375,3428.919921875,3292.39990234375,3319.469970703125,24071910000,-0.006456052413010174
2020-09-19 00:00:00-04:00,3285.570068359375,3323.35009765625,3209.449951171875,3298.4599609375,21594480000,-0.006349441764478383
2020-09-26 00:00:00-04:00,3333.89990234375,3397.179931640625,3323.68994140625,3348.419921875,20402660000,0.015032888415713914
2020-10-03 00:00:00-04:00,3367.27001953125,3482.340087890625,3354.5400390625,3477.139892578125,19772590000,0.03772151646124148
2020-10-10 00:00:00-04:00,3500.02001953125,3549.85009765625,3440.889892578125,3483.81005859375,19317950000,0.0019164533875190666
2020-10-17 00:00:00-04:00,3493.659912109375,3502.419921875,3415.340087890625,3465.389892578125,19936550000,-0.005301389882631011
2020-10-24 00:00:00-04:00,3441.419921875,3441.419921875,3233.93994140625,3269.9599609375,22860370000,-0.05804740894960778
2020-10-31 00:00:00-04:00,3296.199951171875,3529.050048828125,3279.739990234375,3509.43994140625,23047080000,0.07067872342108852
2020-11-07 00:00:00-05:00,3583.0400390625,3645.989990234375,3511.909912109375,3585.14990234375,28872780000,0.02134382304769268
2020-11-14 00:00:00-05:00,3600.159912109375,3628.510009765625,3543.840087890625,3557.5400390625,23992240000,-0.007730981191482125
2020-11-21 00:00:00-05:00,3566.820068359375,3644.31005859375,3552.77001953125,3638.35009765625,19026670000,0.022461003266272955
2020-11-28 00:00:00-05:00,3634.179931640625,3699.199951171875,3594.389892578125,3699.1201171875,26933100000,0.016564676188117838
2020-12-05 00:00:00-05:00,3694.72998046875,3712.389892578125,3633.39990234375,3663.4599609375,23655640000,-0.009686939829269102
2020-12-12 00:00:00-05:00,3675.27001953125,3726.699951171875,3645.840087890625,3709.409912109375,24367880000,0.012464765254229406
2020-12-19 00:00:00-05:00,3684.280029296875,3711.239990234375,3636.47998046875,3703.06005859375,14464830000,-0.0017132899273742323
2020-12-26 00:00:00-05:00,3723.030029296875,3760.199951171875,3723.030029296875,3756.070068359375,13262640000,0.014213695517915619
2021-01-02 00:00:00-05:00,3764.610107421875,3826.68994140625,3662.7099609375,3824.679931640625,25542330000,0.018101569555078672
2021-01-09 00:00:00-05:00,3803.139892578125,3823.60009765625,3749.6201171875,3768.25,24631190000,-0.0148640830663473
2021-01-16 00:00:00-05:00,3781.8798828125,3861.449951171875,3780.3701171875,3841.469970703125,19193280000,0.019244395510648344
2021-01-23 00:00:00-05:00,3851.679931640625,3870.89990234375,3694.1201171875,3714.239990234375,36751000000,-0.03368101965026813
2021-01-30 00:00:00-05:00,3731.169921875,3894.56005859375,3725.6201171875,3886.830078125,25573900000,0.04541985691601988
2021-02-06 00:00:00-05:00,3892.590087890625,3937.22998046875,3884.93994140625,3934.830078125,22779770000,0.012273763272926341
2021-02-13 00:00:00-05:00,3939.610107421875,3950.429931640625,3885.030029296875,3906.7099609375,19428610000,-0.007172121187240508
2021-02-20 00:00:00-05:00,3885.550048828125,3928.64990234375,3789.5400390625,3811.14990234375,31300040000,-0.02476462232916907
2021-02-27 00:00:00-05:00,3842.510009765625,3914.5,3723.340087890625,3841.93994140625,30870960000,0.008046476865702203
2021-03-06 00:00:00-05:00,3844.389892578125,3960.27001953125,3819.25,3943.340087890625,27021810000,0.026050670119081895
2021-03-13 00:00:00-05:00,3942.9599609375,3983.8701171875,3886.75,3913.10009765625,26950850000,-0.007698178528726321
2021-03-20 00:00:00-04:00,3916.47998046875,3978.18994140625,3853.5,3974.5400390625,24199790000,0.015579104270105826
2021-03-27 00:00:00-04:00,3969.31005859375,4020.6298828125,3943.25,4019.8701171875,17489870000,0.011340564984057246
2021-04-03 00:00:00-04:00,4034.43994140625,4129.47998046875,4034.43994140625,4128.7998046875,19754600000,0.0267371675958329
2021-04-10 00:00:00-04:00,4124.7099609375,4191.31005859375,4114.81982421875,4185.47021484375,19506210000,0.013632294273230134
2021-04-17 00:00:00-04:00,4179.7998046875,4194.169921875,4118.3798828125,4180.169921875,19855210000,-0.0012671579440058846
2021-04-24 00:00:00-04:00,4185.02978515625,4218.77978515625,4174.85009765625,4181.169921875,19845940000,0.0002391961153248564
2021-05-01 00:00:00-04:00,4191.97998046875,4238.0400390625,4128.58984375,4232.60009765625,21280680000,0.012225391524596734
2021-05-08 00:00:00-04:00,4228.2900390625,4236.39013671875,4056.8798828125,4173.85009765625,22952900000,-0.013977589861504486
2021-05-15 00:00:00-04:00,4169.919921875,4188.72021484375,4061.409912109375,4155.85986328125,20744780000,-0.004319541120117327
2021-05-22 00:00:00-04:00,4170.16015625,4218.35986328125,4170.16015625,4204.10986328125,23343500000,0.011543232173748181
2021-05-29 00:00:00-04:00,4216.52001953125,4234.1201171875,4167.93017578125,4229.89013671875,20636100000,0.00611343460523804
2021-06-05 00:00:00-04:00,4229.33984375,4249.740234375,4208.41015625,4247.43994140625,22073020000,0.004140414398675671
2021-06-12 00:00:00-04:00,4248.31005859375,4257.16015625,4164.39990234375,4166.4501953125,24868180000,-0.019252033547123137
2021-06-19 00:00:00-04:00,4173.39990234375,4286.1201171875,4173.39990234375,4280.7001953125,22845800000,0.02705219208326519
2021-06-26 00:00:00-04:00,4284.89990234375,4355.43017578125,4274.669921875,4352.33984375,19135150000,0.016597002353012966
2021-07-03 00:00:00-04:00,4356.4599609375,4371.60009765625,4289.3701171875,4369.5498046875,16225570000,0.003946388676498398
2021-07-10 00:00:00-04:00,4372.41015625,4393.68017578125,4322.52978515625,4327.16015625,18977190000,-0.009748510489661143
2021-07-17 00:00:00-04:00,4296.39990234375,4415.18017578125,4233.1298828125,4411.7900390625,21304580000,0.019369037862457254
2021-07-24 00:00:00-04:00,4409.580078125,4429.97021484375,4372.509765625,4395.259765625,20734210000,-0.003753877453989635
2021-07-31 00:00:00-04:00,4406.85986328125,4440.81982421875,4373.0,4436.52001953125,19171320000,0.009343655546510248
2021-08-07 00:00:00-04:00,4437.77001953125,4468.3701171875,4424.740234375,4468.0,17260230000,0.007070591463325557
2021-08-14 00:00:00-04:00,4461.64990234375,4480.259765625,4367.72998046875,4441.669921875,19014210000,-0.005910466943499298
2021-08-21 00:00:00-04:00,4450.2900390625,4513.330078125,4450.2900390625,4509.3701171875,17595630000,0.01512706590247461
2021-08-28 00:00:00-04:00,4513.759765625,4545.85009765625,4513.759765625,4535.43017578125,18470230000,0.005762455745157519
2021-09-04 00:00:00-04:00,4535.3798828125,4535.3798828125,4457.66015625,4458.580078125,14932410000,-0.017089588702415642
2021-09-11 00:00:00-04:00,4474.81005859375,4492.990234375,4427.759765625,4432.990234375,22890790000,-0.005755994386372329
2021-09-18 00:00:00-04:00,4402.9501953125,4465.39990234375,4305.91015625,4455.47998046875,20058800000,0.005060442020591509
2021-09-25 00:00:00-04:00,4442.1201171875,4457.2998046875,4288.52001953125,4357.0400390625,20646370000,-0.022341858155478622
2021-10-02 00:00:00-04:00,4348.83984375,4429.97021484375,4278.93994140625,4391.33984375,19344290000,0.007841447422226767
2021-10-09 00:00:00-04:00,4385.43994140625,4475.81982421875,4329.919921875,4471.3701171875,17878150000,0.01806049146223888
2021-10-16 00:00:00-04:00,4463.72021484375,4559.669921875,4447.47021484375,4544.89990234375,18372450000,0.016310828128296033
2021-10-23 00:00:00-04:00,4553.68994140625,4608.080078125,4537.35986328125,4605.3798828125,20648340000,0.01321945615789365
2021-10-30 00:00:00-04:00,4610.6201171875,4718.5,4595.06005859375,4697.52978515625,21195930000,0.019811633067282456
2021-11-06 00:00:00-04:00,4701.47998046875,4714.919921875,4630.85986328125,4682.85009765625,20545980000,-0.003129873132439512
2021-11-13 00:00:00-05:00,4689.2998046875,4717.75,4672.77978515625,4697.9599609375,19909710000,0.0032214438313974245
2021-11-20 00:00:00-05:00,4712.0,4743.830078125,4585.43017578125,4594.6201171875,15654820000,-0.02224228431641923
2021-11-27 00:00:00-05:00,4628.75,4672.9501953125,4495.1201171875,4538.43017578125,26646380000,-0.01230490330866308
2021-12-04 00:00:00-05:00,4548.3701171875,4713.56982421875,4540.509765625,4712.02001953125,21271750000,0.03753551896821041
2021-12-11 00:00:00-05:00,4710.2998046875,4731.990234375,4600.22021484375,4620.64013671875,26609380000,-0.019583441740692736
2021-12-18 00:00:00-05:00,4587.89990234375,4740.740234375,4531.10009765625,4725.7900390625,14940780000,0.022501497776318262
2021-12-25 00:00:00-05:00,4733.990234375,4808.93017578125,4733.990234375,4766.18017578125,14244290000,0.008510431361197491
2022-01-01 00:00:00-05:00,4778.14013671875,4818.6201171875,4662.740234375,4677.02978515625,21878940000,-0.0188819352088335
2022-01-08 00:00:00-05:00,4655.33984375,4748.830078125,4582.240234375,4662.85009765625,21251840000,-0.0030363770352826417
2022-01-15 00:00:00-05:00,4632.240234375,4632.240234375,4395.33984375,4397.93994140625,19444410000,-0.05849063396843483
2022-01-22 00:00:00-05:00,4356.31982421875,4453.22998046875,4222.6201171875,4431.85009765625,27889090000,0.007680889990283043
2022-01-29 00:00:00-05:00,4431.7900390625,4595.31005859375,4414.02001953125,4500.52978515625,23505280000,0.015377993739368979
2022-02-05 00:00:00-05:00,4505.75,4590.02978515625,4401.41015625,4418.64013671875,23778810000,-0.01836313250507192
2022-02-12 00:00:00-05:00,4412.60986328125,4489.5498046875,4327.22021484375,4348.8701171875,22562340000,-0.015915919190083377
2022-02-19 00:00:00-05:00,4332.740234375,4385.33984375,4114.64990234375,4384.64990234375,21848520000,0.008193714620185451
2022-02-26 00:00:00-05:00,4354.169921875,4416.77978515625,4279.5400390625,4328.8701171875,28092740000,-0.012803217756334537
2022-03-05 00:00:00-05:00,4327.009765625,4327.009765625,4157.8701171875,4204.31005859375,29765730000,-0.029196361521459012
2022-03-12 00:00:00-05:00,4202.75,4465.39990234375,4161.72021484375,4463.1201171875,30540660000,0.05973789575759378
2022-03-19 00:00:00-04:00,4462.39990234375,4546.02978515625,4424.2998046875,4543.06005859375,22611740000,0.017752707433133456
2022-03-26 00:00:00-04:00,4541.08984375,4637.2998046875,4507.56982421875,4545.85986328125,23169700000,0.0006160918569260988
2022-04-02 00:00:00-04:00,4547.97021484375,4593.4501953125,4450.0400390625,4488.27978515625,23239490000,-0.012747391577866595
2022-04-09 00:00:00-04:00,4462.64013671875,4471.0,4381.33984375,4392.58984375,16329620000,-0.021550512229754713
2022-04-16 00:00:00-04:00,4385.6298828125,4512.93994140625,4267.6201171875,4271.77978515625,21597890000,-0.027888442857880537
2022-04-23 00:00:00-04:00,4255.33984375,4308.4501953125,4124.27978515625,4131.93017578125,24637900000,-0.0332858992033834
2022-04-30 00:00:00-04:00,4130.60986328125,4307.66015625,4062.510009765625,4123.33984375,25076170000,-0.0020811760515476777
2022-05-07 00:00:00-04:00,4081.27001953125,4081.27001953125,3858.8701171875,4023.889892578125,29126270000,-0.024414406912135693
2022-05-14 00:00:00-04:00,4013.02001953125,4090.719970703125,3810.320068359375,3901.360107421875,24603940000,-0.03092383191286612
2022-05-21 00:00:00-04:00,3919.419921875,4158.490234375,3875.1298828125,4158.240234375,23231370000,0.06376672636097706
2022-05-28 00:00:00-04:00,4151.08984375,4177.509765625,4073.85009765625,4108.5400390625,19471340000,-0.012024220429094314
2022-06-04 00:00:00-04:00,4134.72021484375,4168.77978515625,3900.159912109375,3900.860107421875,21764190000,-0.05187067457796463
2022-06-11 00:00:00-04:00,3838.14990234375,3838.14990234375,3636.8701171875,3674.840087890625,30486930000,-0.05968745096582231
2022-06-18 00:00:00-04:00,3715.31005859375,3913.64990234375,3715.31005859375,3911.739990234375,23570150000,0.06247266708077212
2022-06-25 00:00:00-04:00,3920.760009765625,3945.860107421875,3738.669921875,3825.330078125,21693690000,-0.022337526809736708
2022-07-02 00:00:00-04:00,3792.610107421875,3918.5,3742.06005859375,3899.3798828125,17073700000,0.019172777596062535
2022-07-09 00:00:00-04:00,3880.93994140625,3880.93994140625,3721.56005859375,3863.159912109375,19693570000,-0.009332057423966617
2022-07-16 00:00:00-04:00,3883.7900390625,4012.43994140625,3818.6298828125,3961.6298828125,20385270000,0.025170048494642747
2022-07-23 00:00:00-04:00,3965.719970703125,4140.14990234375,3910.739990234375,4130.2900390625,20488830000,0.04169210472633796
2022-07-30 00:00:00-04:00,4112.3798828125,4167.66015625,4079.81005859375,4145.18994140625,21651540000,0.0036009798777999814
2022-08-06 00:00:00-04:00,4155.93017578125,4280.47021484375,4112.08984375,4280.14990234375,21098400000,0.03203942113165101
2022-08-13 00:00:00-04:00,4269.3701171875,4325.27978515625,4218.7001953125,4228.47998046875,19013350000,-0.012145447092121127
2022-08-20 00:00:00-04:00,4195.080078125,4203.0400390625,4057.659912109375,4057.659912109375,18714200000,-0.04123615468314056
2022-08-27 00:00:00-04:00,4034.580078125,4062.989990234375,3903.64990234375,3924.260009765625,19592960000,-0.033428630201124195
2022-09-03 00:00:00-04:00,3930.889892578125,4076.81005859375,3886.75,4067.360107421875,15886450000,0.03581636583692831
2022-09-10 00:00:00-04:00,4083.669921875,4119.27978515625,3837.080078125,3873.330078125,24728470000,-0.04887954441294612
2022-09-17 00:00:00-04:00,3849.909912109375,3907.070068359375,3647.469970703125,3693.22998046875,21332100000,-0.04761321370818566
2022-09-24 00:00:00-04:00,3682.719970703125,3736.739990234375,3584.1298828125,3585.6201171875,24475900000,-0.029569974033259564
2022-10-01 00:00:00-04:00,3609.780029296875,3806.909912109375,3604.929931640625,3639.659912109375,22948200000,0.014958811945918447
2022-10-08 00:00:00-04:00,3647.510009765625,3712.0,3491.580078125,3583.070068359375,21864890000,-0.015670252633040033
2022-10-15 00:00:00-04:00,3638.64990234375,3762.7900390625,3638.64990234375,3752.75,22634960000,0.04626891064664533
2022-10-22 00:00:00-04:00,3762.010009765625,3905.419921875,3741.64990234375,3901.06005859375,23555090000,0.03875942153966842
2022-10-29 00:00:00-04:00,3881.85009765625,3911.7900390625,3698.14990234375,3770.550048828125,24226300000,-0.03402743373457099
2022-11-05 00:00:00-04:00,3780.7099609375,4001.47998046875,3744.219970703125,3992.929931640625,24968840000,0.05730438776538303
2022-11-12 00:00:00-05:00,3977.969970703125,4028.840087890625,3906.5400390625,3965.340087890625,21831700000,-0.006933656238193792
2022-11-19 00:00:00-05:00,3956.22998046875,4034.02001953125,3933.340087890625,4026.1201171875,12724860000,0.01521153824908875
2022-11-26 00:00:00-05:00,4005.360107421875,4100.509765625,3937.64990234375,4071.699951171875,22280580000,0.011257428532237778
2022-12-03 00:00:00-05:00,4052.02001953125,4052.449951171875,3918.389892578125,3934.3798828125,20662410000,-0.034307311357619774
2022-12-10 00:00:00-05:00,3939.2900390625,4100.9599609375,3827.909912109375,3852.360107421875,25443390000,-0.021067303916566412
2022-12-17 00:00:00-05:00,3853.7900390625,3889.820068359375,3764.489990234375,3844.820068359375,18506410000,-0.00195916980038942
2022-12-24 00:00:00-05:00,3843.340087890625,3858.18994140625,3780.780029296875,3839.5,12097370000,-0.00138465580872463
2022-12-31 00:00:00-05:00,3853.2900390625,3906.18994140625,3794.330078125,3895.080078125,16190230000,0.014372088533438963
2023-01-07 00:00:00-05:00,3910.820068359375,4003.949951171875,3877.2900390625,3999.090087890625,20846120000,0.02635261889359589
2023-01-14 00:00:00-05:00,3999.280029296875,4015.389892578125,3885.5400390625,3972.610107421875,16539130000,-0.0066435207582014955
2023-01-21 00:00:00-05:00,3978.139892578125,4094.2099609375,3949.06005859375,4070.56005859375,18707010000,0.024357260064389378
2023-01-28 00:00:00-05:00,4049.27001953125,4195.43994140625,4015.550048828125,4136.47998046875,23657120000,0.016064583387580864
2023-02-04 00:00:00-05:00,4119.56982421875,4176.5400390625,4060.7900390625,4090.4599609375,20661640000,-0.011187756290773909
2023-02-11 00:00:00-05:00,4096.6201171875,4159.77001953125,4047.949951171875,4079.090087890625,19642940000,-0.0027834777484262345
2023-02-18 00:00:00-05:00,4052.35009765625,4052.35009765625,3943.080078125,3970.0400390625,16031550000,-0.027097765815651518
2023-02-25 00:00:00-05:00,3992.360107421875,4048.2900390625,3928.159912109375,4045.639892578125,21459460000,0.018863551412790894
2023-03-04 00:00:00-05:00,4055.14990234375,4078.489990234375,3846.320068359375,3861.590087890625,21422390000,-0.04656069294636019
2023-03-11 00:00:00-05:00,3835.1201171875,3964.4599609375,3808.860107421875,3916.639892578125,33867970000,0.014155077440349485
2023-03-18 00:00:00-04:00,3917.469970703125,4039.489990234375,3909.159912109375,3970.989990234375,24375960000,0.013781315468142546
2023-03-25 00:00:00-04:00,3982.929931640625,4110.75,3951.530029296875,4109.31005859375,20849370000,0.03423971403194545
2023-04-01 00:00:00-04:00,4102.2001953125,4133.1298828125,4069.840087890625,4105.02001953125,15917210000,-0.0010445257036779457
2023-04-08 00:00:00-04:00,4085.199951171875,4163.18994140625,4072.550048828125,4137.64013671875,17894880000,0.00791499027381851
2023-04-15 00:00:00-04:00,4137.169921875,4169.47998046875,4113.85986328125,4133.52001953125,18104210000,-0.0009962610928691015
2023-04-22 00:00:00-04:00,4132.06982421875,4170.06005859375,4049.35009765625,4169.47998046875,18944960000,0.008661974172290664
2023-04-29 00:00:00-04:00,4166.7900390625,4186.919921875,4048.280029296875,4136.25,21160370000,-0.00800174285715857
2023-05-06 00:00:00-04:00,4136.97998046875,4154.27978515625,4098.919921875,4124.080078125,18795580000,-0.002946596701408836
2023-05-13 00:00:00-04:00,4126.64990234375,4212.91015625,4109.85986328125,4191.97998046875,19277850000,0.01633018780352291
2023-05-20 00:00:00-04:00,4190.77978515625,4212.8701171875,4103.97998046875,4205.4501953125,15747060000,0.003208178243865355
2023-05-27 00:00:00-04:00,4226.7099609375,4290.669921875,4166.14990234375,4282.3701171875,19055240000,0.018125272420412876
2023-06-03 00:00:00-04:00,4282.990234375,4322.6201171875,4261.06982421875,4298.85986328125,19960900000,0.0038432174473461986
2023-06-10 00:00:00-04:00,4308.31982421875,4448.47021484375,4304.3701171875,4409.58984375,23498470000,0.0254318397136285
2023-06-17 00:00:00-04:00,4396.10986328125,4400.14990234375,4341.33984375,4348.330078125,17329740000,-0.013989797871328776
2023-06-24 00:00:00-04:00,4344.83984375,4458.47998046875,4328.080078125,4450.3798828125,18347970000,0.023197578149034483
2023-07-01 00:00:00-04:00,4450.47998046875,4456.4599609375,4385.0498046875,4398.9501953125,12829400000,-0.011623538976567269
2023-07-08 00:00:00-04:00,4394.22998046875,4527.759765625,4389.919921875,4505.419921875,18461090000,0.023915178636990397
2023-07-15 00:00:00-04:00,4508.85986328125,4578.43017578125,4504.89990234375,4536.33984375,19075880000,0.006839385961437714
2023-07-22 00:00:00-04:00,4543.39013671875,4607.06982421875,4528.56005859375,4582.22998046875,20193230000,0.010065289849274324
2023-07-29 00:00:00-04:00,4584.81982421875,4594.22021484375,4474.5498046875,4478.02978515625,21109110000,-0.023002605333679572
2023-08-05 00:00:00-04:00,4491.580078125,4527.3701171875,4443.97998046875,4464.0498046875,19439590000,-0.0031267876153962108
2023-08-12 00:00:00-04:00,4458.1298828125,4490.330078125,4335.31005859375,4369.7099609375,19366670000,-0.021359745570788333
2023-08-19 00:00:00-04:00,4380.27978515625,4458.2998046875,4356.2900390625,4405.7099609375,18106530000,0.008204781600332695
2023-08-26 00:00:00-04:00,4426.02978515625,4541.25,4414.97998046875,4515.77001953125,16568780000,0.024674301278624727
2023-09-02 00:00:00-04:00,4510.06005859375,4514.2900390625,4430.4599609375,4457.490234375,13968150000,-0.012989839366289344
2023-09-09 00:00:00-04:00,4480.97998046875,4511.990234375,4447.2099609375,4450.31982421875,20916040000,-0.0016099157161616029
2023-09-16 00:00:00-04:00,4445.1298828125,4466.35986328125,4316.490234375,4320.06005859375,17096470000,-0.029706659594897638
2023-09-23 00:00:00-04:00,4310.6201171875,4338.509765625,4238.6298828125,4288.0498046875,18256060000,-0.0074372660114521375
2023-09-30 00:00:00-04:00,4284.52001953125,4324.10009765625,4216.4501953125,4308.5,19153590000,0.004757777097498887
2023-10-07 00:00:00-04:00,4289.02001953125,4385.85009765625,4283.7900390625,4327.77978515625,17576230000,0.00446484311859304
2023-10-14 00:00:00-04:00,4342.3701171875,4393.56982421875,4223.02978515625,4224.16015625,18864600000,-0.024234197352219624
2023-10-21 00:00:00-04:00,4210.39990234375,4259.3798828125,4103.77978515625,4117.3701171875,19764430000,-0.025605822987249904
2023-10-28 00:00:00-04:00,4139.39013671875,4373.6201171875,4132.93994140625,4358.33984375,21626250000,0.056876576590804084
2023-11-04 00:00:00-04:00,4364.27001953125,4418.02978515625,4343.93994140625,4415.240234375,18742940000,0.012971030729936056
2023-11-11 00:00:00-05:00,4406.66015625,4521.169921875,4393.81982421875,4514.02001953125,20115520000,0.022125867574946036
2023-11-18 00:00:00-05:00,4511.7001953125,4568.43017578125,4510.35986328125,4559.33984375,11838180000,0.009989728565995868
2023-11-25 00:00:00-05:00,4554.85986328125,4599.39013671875,4537.240234375,4594.6298828125,21205410000,0.007710362814891229
2023-12-02 00:00:00-05:00,4564.3701171875,4609.22998046875,4546.5,4604.3701171875,20051430000,0.002117673228620326
2023-12-09 00:00:00-05:00,4593.39013671875,4738.56982421875,4593.39013671875,4719.18994140625,27228260000,0.024631284303199805
2023-12-16 00:00:00-05:00,4725.580078125,4778.009765625,4697.81982421875,4754.6298828125,18766580000,0.007481693208946872
2023-12-23 00:00:00-05:00,4758.85986328125,4793.2998046875,4751.990234375,4769.830078125,11087280000,0.0031918257369949457
2023-12-30 00:00:00-05:00,4745.2001953125,4754.330078125,4682.10986328125,4697.240234375,15253660000,-0.015335529150804229
2024-01-06 00:00:00-05:00,4703.7001953125,4802.39990234375,4699.81982421875,4783.830078125,18017190000,0.018266345150604168
2024-01-13 00:00:00-05:00,4772.35009765625,4842.06982421875,4714.81982421875,4839.81005859375,16495350000,0.011633978635327022
2024-01-20 00:00:00-05:00,4853.419921875,4906.68994140625,4844.0498046875,4890.97021484375,19914270000,0.010515215883764459
2024-01-27 00:00:00-05:00,4892.9501953125,4975.2900390625,4845.14990234375,4958.60986328125,20417850000,0.013734740204217057
2024-02-03 00:00:00-05:00,4957.18994140625,5030.06005859375,4918.08984375,5026.60986328125,21614960000,0.013620341485358966
2024-02-10 00:00:00-05:00,5026.830078125,5048.39013671875,4920.31005859375,5005.56982421875,19924770000,-0.004194516160202062
2024-02-17 00:00:00-05:00,4989.31982421875,5111.06005859375,4946.0,5088.7998046875,15547770000,0.016490750722192034
2024-02-24 00:00:00-05:00,5093.0,5140.330078125,5057.2900390625,5137.080078125,21367100000,0.009442831862128078
2024-03-02 00:00:00-05:00,5130.990234375,5189.259765625,5056.81982421875,5123.68994140625,22082750000,-0.002609968704946034
2024-03-09 00:00:00-05:00,5111.9599609375,5179.8701171875,5091.14013671875,5117.08984375,24701470000,-0.0012889835947148109
2024-03-16 00:00:00-04:00,5154.77001953125,5261.10009765625,5131.58984375,5234.18017578125,19715260000,0.022624340059386062
2024-03-23 00:00:00-04:00,5219.52001953125,5264.85009765625,5203.419921875,5254.35009765625,15051920000,0.0038460959186298626
2024-03-30 00:00:00-04:00,5257.97021484375,5263.9501953125,5146.06005859375,5204.33984375,18378230000,-0.009563460690854847
2024-04-06 00:00:00-04:00,5211.3701171875,5224.81005859375,5107.93994140625,5123.41015625,17997390000,-0.015672599367525693
2024-04-13 00:00:00-04:00,5149.669921875,5168.43017578125,4953.56005859375,4967.22998046875,19051050000,-0.030957926745509522
2024-04-20 00:00:00-04:00,4987.330078125,5114.6201171875,4969.39990234375,5099.9599609375,18790580000,0.026370352164700215
2024-04-27 00:00:00-04:00,5114.1298828125,5139.1201171875,5011.0498046875,5127.7900390625,20380740000,0.005442085856672454
2024-05-04 00:00:00-04:00,5142.419921875,5239.66015625,5142.419921875,5222.68017578125,18858510000,0.018335939004153454
2024-05-11 00:00:00-04:00,5233.080078125,5325.490234375,5211.16015625,5303.27001953125,20775690000,0.015312901354694118
2024-05-18 00:00:00-04:00,5305.35009765625,5341.8798828125,5256.93017578125,5304.72021484375,17804500000,0.00027341565923297154
2024-05-25 00:00:00-04:00,5315.91015625,5315.91015625,5191.68017578125,5277.509765625,16560200000,-0.005142679612681999
2024-06-01 00:00:00-04:00,5297.14990234375,5375.080078125,5234.31982421875,5346.990234375,18649030000,0.013079478425359217
2024-06-08 00:00:00-04:00,5341.22021484375,5447.25,5327.25,5431.60009765625,18122180000,0.01569993823145707
2024-06-15 00:00:00-04:00,5431.10986328125,5505.52978515625,5420.39990234375,5464.6201171875,17613030000,0.006060839439600904
2024-06-22 00:00:00-04:00,5459.580078125,5523.64013671875,5446.56005859375,5460.47998046875,21641380000,-0.0007579128575350715
2024-06-29 00:00:00-04:00,5471.080078125,5570.330078125,5446.52978515625,5567.18994140625,12251260000,0.01935373338311768
2024-07-06 00:00:00-04:00,5572.75,5655.56005859375,5562.509765625,5615.35009765625,17475920000,0.008613508888274167
2024-07-13 00:00:00-04:00,5638.16015625,5669.669921875,5497.0400390625,5505.0,19676760000,-0.019847166500595655
2024-07-20 00:00:00-04:00,5544.5400390625,5585.33984375,5390.9501953125,5459.10009765625,19051830000,-0.008372811280765004
2024-07-27 00:00:00-04:00,5476.5498046875,5566.16015625,5302.02978515625,5346.56005859375,21564690000,-0.020830584488164793
2024-08-03 00:00:00-04:00,5151.14013671875,5358.669921875,5119.259765625,5344.16015625,22114930000,-0.00044896926228238664
2024-08-10 00:00:00-04:00,5351.8798828125,5561.97998046875,5324.3701171875,5554.25,17470190000,0.038558995331668955
2024-08-17 00:00:00-04:00,5557.22998046875,5643.22021484375,5550.740234375,5634.60986328125,15609610000,0.01436451006458205
2024-08-24 00:00:00-04:00,5639.66015625,5651.6201171875,5560.9501953125,5648.39990234375,16042500000,0.002444391384089619
2024-08-31 00:00:00-04:00,5623.89013671875,5623.89013671875,5402.6201171875,5408.419921875,14688940000,-0.043415317921877306
2024-09-07 00:00:00-04:00,5442.06982421875,5636.27001953125,5406.9599609375,5626.02001953125,18669430000,0.03944528445461394
2024-09-14 00:00:00-04:00,5615.2099609375,5733.56982421875,5604.52978515625,5702.5498046875,22463850000,0.01351114051560299
2024-09-21 00:00:00-04:00,5711.89990234375,5767.3701171875,5698.990234375,5738.169921875,19316880000,0.006226921580973474
2024-09-28 00:00:00-04:00,5726.52001953125,5765.14013671875,5674.0,5751.06982421875,19356810000,0.0022455633357013026
2024-10-05 00:00:00-04:00,5737.7998046875,5822.1298828125,5686.85009765625,5815.02978515625,17099040000,0.011060014193616243
2024-10-12 00:00:00-04:00,5829.81005859375,5878.4599609375,5804.47998046875,5864.669921875,17209100000,0.008500293134096656
2024-10-19 00:00:00-04:00,5857.81982421875,5866.919921875,5762.41015625,5808.1201171875,17326050000,-0.009689242573923885
2024-10-26 00:00:00-04:00,5833.93017578125,5850.93994140625,5702.85986328125,5728.7998046875,19643610000,-0.013750908025073685
2024-11-02 00:00:00-04:00,5725.14990234375,6012.4501953125,5696.509765625,5995.5400390625,23292380000,0.04550981538327323
2024-11-09 00:00:00-05:00,6008.85986328125,6017.31005859375,5853.009765625,5870.6201171875,21572110000,-0.021055595970877056
2024-11-16 00:00:00-05:00,5874.169921875,5972.89990234375,5855.2900390625,5969.33984375,20164960000,0.016676072323963606
2024-11-23 00:00:00-05:00,5992.27978515625,6044.169921875,5963.91015625,6032.3798828125,15276080000,0.010505264288612167
2024-11-30 00:00:00-05:00,6040.10986328125,6099.97021484375,6033.39013671875,6090.27001953125,20647710000,0.009550812278895478
2024-12-07 00:00:00-05:00,6083.009765625,6092.58984375,6029.89013671875,6051.08984375,20137790000,-0.006454023638973548
2024-12-14 00:00:00-05:00,6063.7900390625,6085.18994140625,5832.2998046875,5930.85009765625,27302660000,-0.020070837124528663
2024-12-21 00:00:00-05:00,5940.25,6049.75,5902.56982421875,5970.83984375,11415140000,0.006720036697572925
2024-12-28 00:00:00-05:00,5920.669921875,5949.33984375,5829.52978515625,5942.47021484375,13850620000,-0.00476268684233492
2025-01-04 00:00:00-05:00,5982.81005859375,6021.0400390625,5807.77978515625,5827.0400390625,18651120000,-0.019615748576220924
2025-01-11 00:00:00-05:00,5782.02001953125,6014.9599609375,5773.31005859375,5996.66015625,21760690000,0.028693514184263167
2025-01-18 00:00:00-05:00,6014.1201171875,6128.18017578125,6006.8798828125,6101.240234375,17672460000,0.01728939400265198
2025-01-25 00:00:00-05:00,5969.0400390625,6120.91015625,5962.919921875,6040.52978515625,23266090000,-0.010000346749402011
2025-02-01 00:00:00-05:00,5969.64990234375,6101.27978515625,5923.93017578125,6025.990234375,23577640000,-0.002409900749246593
2025-02-08 00:00:00-05:00,6046.39990234375,6127.47021484375,6003.0,6114.6298828125,22510590000,0.014602421068142572
2025-02-15 00:00:00-05:00,6121.60009765625,6147.43017578125,6008.56005859375,6013.1298828125,19495560000,-0.016738849034453527
2025-02-22 00:00:00-05:00,6026.68994140625,6043.64990234375,5837.66015625,5954.5,26733210000,-0.009798155932925854
2025-03-01 00:00:00-05:00,5968.330078125,5986.08984375,5666.2900390625,5770.2001953125,27908150000,-0.0314404604130798
2025-03-08 00:00:00-05:00,5705.3701171875,5705.3701171875,5504.64990234375,5638.93994140625,27732600000,-0.02301068161974125
2025-03-15 00:00:00-04:00,5635.60009765625,5715.330078125,5597.759765625,5667.56005859375,28404010000,0.005062606167289572
2025-03-22 00:00:00-04:00,5718.080078125,5786.9501953125,5572.419921875,5580.93994140625,22085260000,-0.015401489872290883
2025-03-29 00:00:00-04:00,5527.91015625,5695.31005859375,5069.89990234375,5074.080078125,29999550000,-0.0952119673848857
2025-04-05 00:00:00-04:00,4953.7900390625,5481.33984375,4835.0400390625,5363.35986328125,37869410000,0.05544537576168444
2025-04-12 00:00:00-04:00,5441.9599609375,5459.4599609375,5220.7900390625,5282.7001953125,18671180000,-0.015153251240087692
2025-04-19 00:00:00-04:00,5232.93994140625,5528.10986328125,5101.6298828125,5525.2099609375,23198970000,0.04488388103659569
2025-04-26 00:00:00-04:00,5529.22021484375,5700.7001953125,5433.240234375,5686.669921875,24244170000,0.0288035771620566
2025-05-03 00:00:00-04:00,5655.31982421875,5720.10009765625,5578.64013671875,5659.91015625,24335450000,-0.004716807188410784
2025-05-10 00:00:00-04:00,5807.2001953125,5958.6201171875,5786.080078125,5958.3798828125,26606460000,0.051390593746400905
2025-05-17 00:00:00-04:00,5902.8798828125,5968.60986328125,5767.41015625,5802.81982421875,23634980000,-0.026454636385177456
2025-05-24 00:00:00-04:00,5854.06982421875,5943.1298828125,5843.66015625,5911.68994140625,20979720000,0.018587760639376047
2025-05-31 00:00:00-04:00,5896.68017578125,6016.8701171875,5861.43017578125,6000.35986328125,24073530000,0.014887708007392647
2025-06-07 00:00:00-04:00,6004.6298828125,6059.39990234375,5963.2099609375,5976.97021484375,24565200000,-0.0039056581086755306
2025-06-14 00:00:00-04:00,6004.0,6050.830078125,5952.56005859375,5967.83984375,22625380000,-0.00152875982576251
2025-06-21 00:00:00-04:00,5969.669921875,6187.68017578125,5943.22998046875,6173.06982421875,29409290000,0.03381122786853544
2025-06-28 00:00:00-04:00,6193.35986328125,6284.64990234375,6174.97021484375,6279.35009765625,21082030000,0.017070232913404527
2025-07-05 00:00:00-04:00,6259.0400390625,6290.22021484375,6201.0,6259.75,25812670000,-0.0031262392782341426
2025-07-12 00:00:00-04:00,6255.14990234375,6315.60986328125,6201.58984375,6296.7900390625,25730370000,0.005899737727851061
2025-07-19 00:00:00-04:00,6304.740234375,6395.81982421875,6281.7099609375,6388.64013671875,26068830000,0.014481448646656635
2025-07-26 00:00:00-04:00,6397.68994140625,6427.02001953125,6212.68994140625,6238.009765625,26921040000,-0.023860250896653997
2025-08-02 00:00:00-04:00,6271.7099609375,6395.16015625,6271.7099609375,6389.4501953125,25844550000,0.023987039575366676
2025-08-09 00:00:00-04:00,6389.669921875,6481.33984375,6364.06005859375,6449.7998046875,24020760000,0.009400869027521732
2025-08-16 00:00:00-04:00,6445.02001953125,6478.89013671875,6343.85986328125,6466.91015625,22070540000,0.0026493374276200816
2025-08-23 00:00:00-04:00,6457.669921875,6508.22998046875,6429.2099609375,6460.259765625,21589030000,-0.001028901337553025
2025-08-30 00:00:00-04:00,6401.509765625,6532.64990234375,6360.580078125,6481.5,18986250000,0.0032824366748478396
2025-09-06 00:00:00-04:00,6498.08984375,6600.2099609375,6483.080078125,6584.2900390625,25330960000,0.015734549452025744
2025-09-13 00:00:00-04:00,6603.490234375,6671.81982421875,6551.14990234375,6664.35986328125,30628230000,0.01208738998917336
2025-09-20 00:00:00-04:00,6654.27978515625,6699.52001953125,6569.22021484375,6643.7001953125,27713200000,-0.003104837891385651
2025-09-27 00:00:00-04:00,6661.580078125,6750.8701171875,6641.0,6715.7900390625,28583160000,0.01079240932289403
2025-10-04 00:00:00-04:00,6733.85986328125,6764.580078125,6550.77978515625,6552.509765625,28515370000,-0.024613329350081738
2025-10-11 00:00:00-04:00,6622.52978515625,6724.1201171875,6555.06982421875,6664.009765625,28010240000,0.016873223712803656
2025-10-18 00:00:00-04:00,6690.0498046875,6807.10986328125,6655.68994140625,6791.68994140625,26251170000,0.018978427115076326
2025-10-25 00:00:00-04:00,6845.4599609375,6920.33984375,6814.259765625,6840.2001953125,29717690000,0.0071172021182248696
2025-11-01 00:00:00-04:00,6882.31982421875,6882.31982421875,6631.43994140625,6728.7998046875,29722800000,-0.016420206886950492
2025-11-08 00:00:00-05:00,6785.35986328125,6869.91015625,6646.8701171875,6734.10986328125,26159530000,0.0007888426796388663
2025-11-15 00:00:00-05:00,6713.60986328125,6770.35009765625,6521.919921875,6602.990234375,26911230000,-0.019663023075932356
2025-11-22 00:00:00-05:00,6636.5400390625,6850.85986328125,6630.7001953125,6849.08984375,18086610000,0.0365931616772018
2025-11-29 00:00:00-05:00,6812.2998046875,6895.77978515625,6799.93994140625,6870.39990234375,23685440000,0.0031065405676197477
2025-12-06 00:00:00-05:00,6875.2001953125,6903.4599609375,6801.7900390625,6827.41015625,24722970000,-0.00627689930835851
2025-12-13 00:00:00-05:00,6860.18994140625,6861.58984375,6720.43017578125,6834.5,28736560000,0.0010378994306603454
2025-12-20 00:00:00-05:00,6865.2099609375,6945.77001953125,6855.740234375,6929.93994140625,12670410000,0.013867832089942694
2025-12-27 00:00:00-05:00,6903.60009765625,6920.2099609375,6824.31005859375,6858.47021484375,14297630000,-0.010366730582724176
2026-01-03 00:00:00-05:00,6892.18994140625,6978.35986328125,6891.56005859375,6966.27978515625,26993190000,0.015596919411679297
2026-01-10 00:00:00-05:00,6944.1201171875,6986.330078125,6885.740234375,6940.009765625,26112200000,-0.003778153861168877
2026-01-17 00:00:00-05:00,6865.240234375,6934.75,6789.0498046875,6915.60986328125,21784530000,-0.0035220261843166155
2026-01-24 00:00:00-05:00,6923.22998046875,7002.27978515625,6870.7998046875,6939.02978515625,29382560000,0.0033808088519799366
2026-01-31 00:00:00-05:00,6916.64013671875,6993.080078125,6780.1298828125,6932.2998046875,33538260000,-0.0009703440399452702
2026-02-07 00:00:00-05:00,6917.259765625,6993.47998046875,6794.5498046875,6836.169921875,30258780000,-0.013963998436007078
2026-02-14 00:00:00-05:00,6819.85986328125,6915.85986328125,6775.5,6909.509765625,21100810000,0.010671067762430913
2026-02-21 00:00:00-05:00,6901.25,6952.509765625,6815.43017578125,6878.8798828125,28787710000,-0.004442858662547522
2026-02-28 00:00:00-05:00,6824.35986328125,6901.009765625,6710.419921875,6740.02001953125,29555750000,-0.02039293578322733
2026-03-07 00:00:00-05:00,6699.7998046875,6845.080078125,6623.919921875,6632.18994140625,29794740000,-0.01612783761412987
2026-03-14 00:00:00-04:00,6674.3701171875,6754.2998046875,6473.52001953125,6506.47998046875,31514370000,-0.019136457183628806
2026-03-21 00:00:00-04:00,6574.9599609375,6651.6201171875,6356.080078125,6368.85009765625,26385000000,-0.021379665511558028
2026-03-28 00:00:00-04:00,6403.3701171875,6609.669921875,6316.91015625,6582.68994140625,22232740000,0.03302453261643899
2026-04-04 00:00:00-04:00,6587.66015625,6845.77001953125,6534.5498046875,6816.89013671875,23672630000,0.03495990869229111
2026-04-11 00:00:00-04:00,6806.47021484375,7147.52001953125,6790.02001953125,7126.06005859375,26415780000,0.04435511906547374
